序號,標章機關名稱,網站名稱,網址,標章等級,檢測日期,標章狀態,大分類,分類
3,民間團體,海陸漫行-智慧觀光虛實整合入口網,https://tter.cc,AA,2023/4/20,啟用,生活休閒場館,觀光/休閒/文化園區
9,民間團體,朝陽科技大學,https://web.cyut.edu.tw/,AA,2024/3/21,啟用,教育機構,大學/技專校院
21,民間團體,靜宜大學,https://www.pu.edu.tw/,A,2023/9/22,啟用,教育機構,大學/技專校院
24,民間團體,榮星花園游泳池,https://rxsp.teamxports.com/,A,2024/1/17,啟用,生活休閒場館,運動中心/場館
42,民間團體,黃彰輝紀念圖書館,https://www.ttcslib.org.tw,AA,2024/2/29,啟用,生活休閒場館,觀光/休閒/文化園區
48,民間團體,財團法人新竹市天主教仁愛社會福利基金會,https://www.charity.org.tw,A,2024/2/19,啟用,財團法人/公協會,財團法人/基金會/公協會
59,民間團體,兆豐證券形象網,https://www.megasec.com.tw,A,2024/4/23,啟用,金融服務業,銀行/證券/期貨/投信
73,民間團體,財團法人台灣中小企業聯合輔導基金會,https://www.smecf.org.tw/,A,2024/3/29,啟用,財團法人/公協會,財團法人/基金會/公協會
87,民間團體,耕莘健康管理專科學校,https://www.ctcn.edu.tw/,AA,2024/4/30,啟用,教育機構,大學/技專校院
89,民間團體,台灣電腦網路危機處理暨協調中心官方網站,https://www.twcert.org.tw/,AA,2024/8/15,啟用,財團法人/公協會,政府捐助/委辦法人機構
94,民間團體,富邦人壽-附保證投資型專區,https://invest.fubonlife.com.tw/life/gmxb,A,2024/8/15,啟用,金融服務業,保險/金融友善服務
97,民間團體,財團法人第一社會福利基金會,https://www.diyi.org.tw,A,2024/4/26,啟用,財團法人/公協會,財團法人/基金會/公協會
114,民間團體,遠東科技大學官網,http://ex.feu.edu.tw,A,2023/5/26,啟用,教育機構,大學/技專校院
124,民間團體,LINE Bank友善網路銀行,https://accessibility.linebank.com.tw/,AA,2023/4/21,啟用,金融服務業,銀行/證券/期貨/投信
126,民間團體,中華大學 Chung Hua University,https://www.chu.edu.tw,A,2024/4/23,啟用,教育機構,大學/技專校院
133,民間團體,國泰產險金融友善服務網,https://accessibility.cathay-ins.com.tw/INSOAWeb/html/CM/Accessibility/index.html,AAA,2024/4/23,啟用,金融服務業,保險/金融友善服務
136,民間團體,財團法人語言訓練測驗中心培力英語能力檢定測驗網,https://bestep.tw/,AA,2026/3/26,啟用,財團法人/公協會,財團法人/基金會/公協會
142,民間團體,國票綜合證券金融友善服務,https://friendly.ibfs.com.tw,A,2024/4/23,啟用,金融服務業,銀行/證券/期貨/投信
149,民間團體,育達科技大學校首頁,https://www.ydu.edu.tw,AA,2024/10/11,啟用,教育機構,大學/技專校院
154,民間團體,工業技術研究院,https://www.itri.org.tw/,AA,2024/4/26,啟用,財團法人/公協會,政府捐助/委辦法人機構
156,民間團體,財團法人農業保險基金全球資訊網,https://www.taif.org.tw/,A,2023/5/5,啟用,金融服務業,保險/金融友善服務
159,民間團體,三商美邦人壽保險股份有限公司,https://www.mli.com.tw/sites/mliportal/statement/company,A,2023/5/9,啟用,金融服務業,保險/金融友善服務
162,民間團體,大漢技術學院,https://www.dahan.edu.tw,A,2024/6/17,啟用,教育機構,大學/技專校院
164,民間團體,兆豐銀行網路銀行友善專區,https://handicap-free.megabank.com.tw/acc/,AA,2023/5/22,啟用,金融服務業,銀行/證券/期貨/投信
165,民間團體,伊甸基金會志工專區,https://volunteer.eden.org.tw/,A,2024/12/5,啟用,財團法人/公協會,財團法人/基金會/公協會
166,民間團體,Moovo官方網站,https://ridemoovo.com/,A,2024/5/31,啟用,一般企業,科技/資訊公司
170,民間團體,真理大學,https://www.au.edu.tw/,AA,2024/6/17,啟用,教育機構,大學/技專校院
179,民間團體,致理科技大學,https://www.chihlee.edu.tw/,A,2024/8/7,啟用,教育機構,大學/技專校院
191,民間團體,修平科技大學,https://www.hust.edu.tw/,A,2024/10/18,啟用,教育機構,大學/技專校院
195,民間團體,崇右影藝科技大學,https://www.cufa.edu.tw,A,2024/7/29,啟用,教育機構,大學/技專校院
196,民間團體,輔英科技大學,https://www.fy.edu.tw/,AA,2024/7/29,啟用,教育機構,大學/技專校院
202,民間團體,台新銀行台新友善金融服務專區,https://ac.taishinbank.com.tw/AccWeb/AW2/,A,2024/11/1,啟用,金融服務業,銀行/證券/期貨/投信
204,民間團體,華南金控官網,https://www.hnfhc.com.tw/HNFHC/,AA,2024/7/2,啟用,金融服務業,銀行/證券/期貨/投信
207,民間團體,龍華科技大學半導體工程系,https://se.lhu.edu.tw,A,2024/6/17,啟用,教育機構,大學/技專校院
221,民間團體,龍華科技大學數位行銷暨跨境商務系,https://dmcc.lhu.edu.tw,A,2024/6/18,啟用,教育機構,大學/技專校院
227,民間團體,中國醫藥大學全球資訊網,https://www.cmu.edu.tw/,AA,2024/7/30,啟用,教育機構,大學/技專校院
229,民間團體,遠雄人壽保險事業股份有限公司,https://accessibility.fglife.com.tw/,AAA,2024/6/17,啟用,金融服務業,保險/金融友善服務
234,民間團體,統一期貨-金融友善與公平待客,https://www.pfcf.com.tw/pscnetAccessibility/,A,2025/8/5,啟用,金融服務業,銀行/證券/期貨/投信
239,民間團體,統一綜合證券 金融友善專區,https://www.pscnet.com.tw/pscnetAccessibility/tab01.do,A,2024/6/14,啟用,金融服務業,銀行/證券/期貨/投信
242,民間團體,證券公會金融友善服務專區 ,http://acc.twsa.org.tw/index.html,A,2024/5/30,啟用,金融服務業,銀行/證券/期貨/投信
246,民間團體,臺灣企銀官方網站,https://www.tbb.com.tw,AA,2024/5/31,啟用,金融服務業,銀行/證券/期貨/投信
277,民間團體,中國信託 i繳費金融友善服務,https://www.i-payment.com.tw/,AA,2024/7/5,啟用,金融服務業,保險/金融友善服務
279,民間團體,彰化縣輔具資源中心,http://www.chcgat.org.tw/,A,2023/7/10,啟用,輔具資源中心,輔具資源中心
286,民間團體,聯邦銀行友善服務,https://freebank.ubot.com.tw/,A,2023/8/2,啟用,金融服務業,銀行/證券/期貨/投信
300,民間團體,蟾蜍山煥民新村,https://huanminvillage.taipei,A,2023/7/31,啟用,生活休閒場館,觀光/休閒/文化園區
301,民間團體,串門子社會設計社會影響加速器,https://influencerate.com.tw/,A,2024/10/11,啟用,生活休閒場館,觀光/休閒/文化園區
306,民間團體,大葉大學餐旅管理學系,https://hom.dyu.edu.tw/,A,2023/7/12,啟用,教育機構,大學/技專校院
311,民間團體,MMA金融友善網,https://accessibility.sinopac.com,AA,2023/8/2,啟用,金融服務業,保險/金融友善服務
323,民間團體,長庚大學,https://www.cgu.edu.tw,AA,2023/7/13,啟用,教育機構,大學/技專校院
333,民間團體,全國農業金庫友善個人網路銀行,https://ibank.agribank.com.tw/accBankWeb/,AA,2023/7/14,啟用,金融服務業,銀行/證券/期貨/投信
334,民間團體,全國農業金庫WebATM,https://ibank.agribank.com.tw/eatmWeb/,AA,2023/7/25,啟用,金融服務業,銀行/證券/期貨/投信
335,民間團體,財團法人天主教靈醫修女會附設宜蘭縣私立瑪利亞老人長期照顧中心(養護型)官網,http://www.mdb1989.org.tw,AA,2023/8/7,啟用,財團法人/公協會,財團法人/基金會/公協會
341,民間團體,北投溫泉博物館,https://hotspringmuseum.taipei,A,2023/8/7,啟用,生活休閒場館,博物館/藝文/展演機構
346,民間團體,醒吾科技大學入口網,https://www.hwu.edu.tw/,AA,2024/9/13,啟用,教育機構,大學/技專校院
347,民間團體,友照醫療儀器,https://www.ucare-medical.com/,A,2024/8/16,啟用,醫療照護,醫療器材/健康照護服務公司
355,民間團體,大展證券金融友善服務專區,https://www.tachan.com.tw/ow/friendly/,AA,2024/6/25,啟用,金融服務業,銀行/證券/期貨/投信
360,民間團體,南山產物金融友善服務專區,https://accessibility.nanshangeneral.com.tw/,AA,2024/7/23,啟用,金融服務業,保險/金融友善服務
369,民間團體,大葉大學觀光餐旅學院,https://cth.dyu.edu.tw/,A,2024/6/25,啟用,教育機構,大學/技專校院
378,民間團體,嘉南藥理大學,https://www.cnu.edu.tw,A,2024/10/18,啟用,教育機構,大學/技專校院
386,民間團體,財團法人金融聯合徵信中心個人線上查閱信用報告服務,https://apply.jcic.org.tw,A,2023/10/11,啟用,財團法人/公協會,財團法人/基金會/公協會
391,民間團體,長庚大學英文版,https://wwwen.cgu.edu.tw/,AA,2024/8/7,啟用,教育機構,大學/技專校院
393,民間團體,2023 Meet 花蓮創新創業嘉年華,https://meethualien.tw/,A,2024/8/23,啟用,生活休閒場館,觀光/休閒/文化園區
403,民間團體,加斌有限公司,http://www.cabindesigntaipei.com/,A,2024/7/30,啟用,一般企業,科技/資訊公司
405,民間團體,台新人壽金融友善服務專區,https://www.taishinlife.com.tw/pot/media/potmedia/friendly/,A,2024/7/30,啟用,金融服務業,保險/金融友善服務
450,民間團體,財團法人生物技術開發中心官方網站,https://www.dcb.org.tw/,AA,2024/10/18,啟用,財團法人/公協會,政府捐助/委辦法人機構
453,民間團體,康和期貨金融友善服務專區,https://www.concordfutures.com.tw/Promote/ccdfirm_Friendly/,A,2024/10/18,啟用,金融服務業,銀行/證券/期貨/投信
470,民間團體,大葉大學烘焙暨飲料調製學士學位學程,https://bbp.dyu.edu.tw/,A,2024/7/23,啟用,教育機構,大學/技專校院
478,民間團體,財團法人臺灣博物館文教基金會,https://www.taiwan-museum.org.tw/,A,2024/11/27,啟用,財團法人/公協會,財團法人/基金會/公協會
479,民間團體,財團法人車輛研究測試中心輪胎商品性能效率資訊網,http://tire.artc.org.tw/,AA,2023/8/22,啟用,財團法人/公協會,政府捐助/委辦法人機構
485,民間團體,兆豐證券 金融友善服務專區,https://www.megasec.com.tw/emegaTranAccessibility/,A,2024/7/29,啟用,金融服務業,銀行/證券/期貨/投信
486,民間團體,兆豐國際投顧 金融友善服務專區,https://www.megasec.com.tw/emegaResearchAccessibility/,A,2024/9/27,啟用,金融服務業,保險/金融友善服務
487,民間團體,兆豐期貨 金融友善服務專區,https://www.megasec.com.tw/emegaFuturesAccessibility/,A,2024/11/12,啟用,金融服務業,銀行/證券/期貨/投信
490,民間團體, 中國信託綜合證券友善金融服務專區,https://www.ctbcsec.com/friendly/,AA,2024/9/27,啟用,金融服務業,銀行/證券/期貨/投信
499,民間團體,公勝保險經紀人股份有限公司官網,https://www.goldennet.com.tw/,A,2024/8/7,啟用,金融服務業,保險/金融友善服務
503,民間團體,工業技術研究院_車輛耗能研究網站,https://auto.itri.org.tw/,AA,2024/9/23,啟用,財團法人/公協會,政府捐助/委辦法人機構
505,民間團體,德明財經科技大學,https://www.takming.edu.tw/,A,2024/10/18,啟用,教育機構,大學/技專校院
509,民間團體,大葉大學觀光旅遊學系,https://ttm.dyu.edu.tw/,A,2024/11/13,啟用,教育機構,大學/技專校院
513,民間團體,永豐銀行 公平待客金融友善網,https://bank.sinopac.com/sinopacBT/webevents/TCF/,A,2024/10/14,啟用,金融服務業,銀行/證券/期貨/投信
525,民間團體,嘉義縣輔具資源中心,https://chiayiat.tw/,A,2024/7/30,啟用,輔具資源中心,輔具資源中心
526,民間團體,南開科技大學董事會,https://nkbod.nkut.edu.tw/,A,2024/8/30,啟用,教育機構,大學/技專校院
528,民間團體,南開科技大學秘書室,https://nkpre.nkut.edu.tw/,A,2024/8/29,啟用,教育機構,大學/技專校院
529,民間團體,德明財經科技大學電算中心,https://tmcc.takming.edu.tw,A,2024/8/27,啟用,教育機構,大學/技專校院
532,民間團體,將來銀行 NEXTBANK,https://accessibility.nextbank.com.tw/,A,2023/9/25,啟用,金融服務業,銀行/證券/期貨/投信
536,民間團體,新光銀行金融友善服務專區,https://nbankAccessible.skbank.com.tw/Accessible.Web,A,2024/4/8,啟用,金融服務業,銀行/證券/期貨/投信
539,民間團體,微源科技有限公司官方網站,https://www.weiyuan.com.tw/,AA,2024/8/27,啟用,一般企業,科技/資訊公司
544,民間團體,南開科技大學教務處,https://nkaao.nkut.edu.tw/,A,2024/8/30,啟用,教育機構,大學/技專校院
545,民間團體,南開科技大學招生事務處,https://nkrc.nkut.edu.tw/,A,2024/8/30,啟用,教育機構,大學/技專校院
547,民間團體,南開科技大學學生事務處,https://nkstu.nkut.edu.tw/,A,2024/8/29,啟用,教育機構,大學/技專校院
549,民間團體,亞東證券股份有限公司,https://www.osc.com.tw,A,2024/9/23,啟用,金融服務業,銀行/證券/期貨/投信
551,民間團體,桃園市蘆竹國民運動中心,http://www.lzsports.com.tw/,A,2024/8/30,啟用,生活休閒場館,運動中心/場館
556,民間團體,台中銀行簡便個人網路銀行,https://ibank.tcbbank.com.tw/SIB/,A,2023/12/11,啟用,金融服務業,銀行/證券/期貨/投信
561,民間團體,第一基金會AAC跨越溝通鴻溝平台,https://aac.diyi.org.tw/,A,2024/8/23,啟用,財團法人/公協會,財團法人/基金會/公協會
563,民間團體,南開科技大學人事室,https://nkpcx.nkut.edu.tw/,A,2024/8/23,啟用,教育機構,大學/技專校院
565,民間團體,南開科技大學會計室,https://nkacc.nkut.edu.tw,A,2024/9/26,啟用,教育機構,大學/技專校院
567,民間團體,元大證券金融友善服務專區,https://friendly.yuanta.com.tw/,AA,2024/9/23,啟用,金融服務業,銀行/證券/期貨/投信
568,民間團體,台北富邦銀行友善網路ATM,https://accessible.taipeifubon.com.tw/BFS/common/BFA/Index.faces,A,2023/10/30,啟用,金融服務業,銀行/證券/期貨/投信
570,民間團體,南開科技大學福祉科技與服務管理研發中心,https://nkgtsmc.nkut.edu.tw/,A,2023/11/2,啟用,教育機構,大學/技專校院
572,民間團體,南開科技大學高教深耕計畫辦公室,https://nktep.nkut.edu.tw/,A,2024/8/28,啟用,教育機構,大學/技專校院
573,民間團體,南開科技大學自動化工程系,https://nkae.nkut.edu.tw/,A,2024/8/23,啟用,教育機構,大學/技專校院
574,民間團體,南開科技大學電機與資訊技術系,https://nkei.nkut.edu.tw/,A,2024/8/23,啟用,教育機構,大學/技專校院
576,民間團體,南開科技大學多媒體動畫應用系,https://nkdmaa.nkut.edu.tw/,A,2024/8/22,啟用,教育機構,大學/技專校院
579,民間團體,南開科技大學行銷與流通管理系,https://nkmlm.nkut.edu.tw/,A,2024/8/30,啟用,教育機構,大學/技專校院
586,民間團體,南開科技大學餐飲管理系,https://nkfbmt.nkut.edu.tw/,A,2024/8/30,啟用,教育機構,大學/技專校院
590,民間團體,南開科技大學通識教育與外語教學中心,https://nkgen.nkut.edu.tw/,A,2024/8/30,啟用,教育機構,大學/技專校院
591,民間團體,龍華科技大學資訊圖書處,https://il.lhu.edu.tw,A,2024/10/11,啟用,教育機構,大學/技專校院
596,民間團體,南開科技大學推廣教育中心,https://nkcee.nkut.edu.tw/,A,2024/8/26,啟用,教育機構,大學/技專校院
602,民間團體,南開科技大學南開電子報,https://nkepaper.nkut.edu.tw/,A,2024/8/29,啟用,教育機構,大學/技專校院
603,民間團體,龍華科技大學通識教育中心,https://lcs.lhu.edu.tw,A,2024/10/21,啟用,教育機構,大學/技專校院
606,民間團體,南開科技大學圖書資訊處,https://nklio.nkut.edu.tw/,A,2024/8/30,啟用,教育機構,大學/技專校院
607,民間團體,南開科技大學長期照顧與管理系暨福祉科技與服務管理研究所,https://nkltcm.nkut.edu.tw/,A,2023/11/24,啟用,教育機構,大學/技專校院
630,民間團體,優安互連股份有限公司優安互連 - 健康照顧訂閱平台,https://www.uancare.com/,A,2024/9/20,啟用,醫療照護,醫療器材/健康照護服務公司
645,民間團體,中國科技大學,https://www.cute.edu.tw/,AA,2023/10/5,啟用,教育機構,大學/技專校院
666,民間團體,財金資訊股份有限公司官方網站,https://www.fisc.com.tw/,AA,2024/8/27,啟用,金融服務業,銀行/證券/期貨/投信
687,民間團體,三商美邦人壽金融友善服務專區,https://www.mli.com.tw/sites/friendly/home,AAA,2024/9/30,啟用,金融服務業,保險/金融友善服務
715,民間團體,財團法人台灣省私立台灣盲人重建院,http://www.ibt.org.tw/RWD01/default.aspx,A,2024/6/3,啟用,財團法人/公協會,財團法人/基金會/公協會
719,民間團體,僑光科技大學,https://www.ocu.edu.tw,AA,2024/11/15,啟用,教育機構,大學/技專校院
732,民間團體,南亞技術學院,https://www.nanya.edu.tw,A,2024/11/22,啟用,教育機構,大學/技專校院
751,民間團體,元富證券金融友善專區,https://accessible.masterlink.com.tw/index.html,AAA,2024/10/25,啟用,金融服務業,銀行/證券/期貨/投信
759,民間團體,財團法人天主教會嘉義教區附設嘉義縣私立敏道家園,http://www.mindaohome.org.tw/,A,2024/9/27,啟用,財團法人/公協會,財團法人/基金會/公協會
775,民間團體,維聖資訊科技股份有限公司MoodleTW,https://www.moodle.tw,AAA,2023/11/8,啟用,教育機構,教育科技/補教服務公司
779,民間團體,南開科技大學總務處,https://nkaff.nkut.edu.tw/,A,2024/9/26,啟用,教育機構,大學/技專校院
784,民間團體,維新OpneEdx,https://www.edx.com.tw,AAA,2023/11/10,啟用,教育機構,教育科技/補教服務公司
788,民間團體,南開科技大學,https://www.nkut.edu.tw/,A,2023/11/13,啟用,教育機構,大學/技專校院
821,民間團體,龍華科技大學語言中心,https://lc.lhu.edu.tw,A,2024/12/31,啟用,教育機構,大學/技專校院
822,民間團體,龍華科技大學秘書室,https://secretary.lhu.edu.tw,A,2024/11/22,啟用,教育機構,大學/技專校院
840,民間團體,友邦人壽官網,https://www.aia.com.tw,AA,2025/3/10,啟用,金融服務業,保險/金融友善服務
849,民間團體,開南大學校首頁,https://www.knu.edu.tw,AA,2024/10/30,啟用,教育機構,大學/技專校院
858,民間團體,臺北市大安運動中心,http://www.daansports.com.tw/,A,2024/12/16,啟用,生活休閒場館,運動中心/場館
860,民間團體,康寧學校財團法人康寧大學,https://www.ukn.edu.tw/,AA,2024/12/16,啟用,教育機構,大學/技專校院
867,民間團體,安達產險金融友善服務專區 ,https://www.chubb.com/tw-zh/accessibility.html,A,2024/10/22,啟用,金融服務業,保險/金融友善服務
872,民間團體,康和綜合證券金融友善服務專區,https://stock.concords.com.tw/concords_Friendly/,A,2024/12/13,啟用,金融服務業,銀行/證券/期貨/投信
876,民間團體,文藻外語大學,https://a001.wzu.edu.tw,A,2024/12/31,啟用,教育機構,大學/技專校院
877,民間團體,東南科技大學官方網站,https://www.tnu.edu.tw/,AA,2024/12/16,啟用,教育機構,大學/技專校院
889,民間團體,富邦人壽-全委帳戶專區,https://invest.fubonlife.com.tw/life/hot,A,2024/12/17,啟用,金融服務業,保險/金融友善服務
897,民間團體,健行科技大學,https://www.uch.edu.tw/,AA,2025/2/14,啟用,教育機構,大學/技專校院
900,民間團體,南開科技大學念先紀念圖書館,https://library.nkut.edu.tw/,A,2024/10/23,啟用,教育機構,大學/技專校院
901,民間團體,板信商業銀行利匯率查詢,https://rate.bop.com.tw/,A,2024/10/23,啟用,金融服務業,銀行/證券/期貨/投信
906,民間團體,龍華科技大學稽核處,https://audit.lhu.edu.tw,A,2024/12/17,啟用,教育機構,大學/技專校院
910,民間團體,龍華科技大學校務研究中心,https://ir.lhu.edu.tw,A,2024/12/10,啟用,教育機構,大學/技專校院
914,民間團體,國科會臺灣資安科技研究中心,https://www.tacc.tw,AA,2024/12/17,啟用,財團法人/公協會,政府捐助/委辦法人機構
915,民間團體,財團法人台灣綠色生產力基金會-服務業節能服務網,https://www.ecct.org.tw/,A,2025/2/14,啟用,財團法人/公協會,財團法人/基金會/公協會
923,民間團體,南開科技大學管理學院,https://nkmgt.nkut.edu.tw/,A,2024/10/25,啟用,教育機構,大學/技專校院
931,民間團體,南開科技大學科技學院,https://nktec.nkut.edu.tw/,A,2024/11/21,啟用,教育機構,大學/技專校院
951,民間團體,台南應用科技大學,https://www.tut.edu.tw/,AA,2024/10/30,啟用,教育機構,大學/技專校院
952,民間團體,臺灣企銀網路ATM,https://eatm.tbb.com.tw,AA,2024/1/26,啟用,金融服務業,銀行/證券/期貨/投信
958,民間團體,南開科技大學研究發展暨產學合作處,https://nkrnd.nkut.edu.tw/,A,2025/1/23,啟用,教育機構,大學/技專校院
959,民間團體,崑山網路大學,https://elearning2.ksu.edu.tw/,A,2025/3/21,啟用,教育機構,大學/技專校院
963,民間團體,金門縣輔具資源中心,https://www.kinmen-atc.org.tw,AA,2024/11/25,啟用,輔具資源中心,輔具資源中心
967,民間團體,國泰綜合證券金融友善服務專區,https://www.cathaysec.com.tw/exclude_AL/friendly,A,2024/11/25,啟用,金融服務業,銀行/證券/期貨/投信
973,民間團體,群益金融友善服務專區,https://friendly.capital.com.tw/,A,2025/1/23,啟用,金融服務業,保險/金融友善服務
979,民間團體,第一商業銀行股份有限公司第e寫字檯網站,https://netd.firstbank.com.tw/eweb/,AA,2024/12/19,啟用,金融服務業,銀行/證券/期貨/投信
1009,民間團體,南開科技大學休閒事業管理系(所),https://nklrm.nkut.edu.tw,A,2024/11/22,啟用,教育機構,大學/技專校院
1029,民間團體,魚禾子科技有限公司,https://www.sowing.com.tw,AAA,2025/9/26,啟用,一般企業,科技/資訊公司
1036,民間團體,新加坡商美國國際產物保險股份有限公司台灣分公司,https://www.aig.com.tw,AA,2025/12/12,啟用,金融服務業,保險/金融友善服務
1078,民間團體,南開科技大學國際暨兩岸事務處,https://ic.nkut.edu.tw/,A,2024/11/20,啟用,教育機構,大學/技專校院
1080,民間團體,中國信託產險金融友善網站,https://accessibility.ctbcins.com/,AAA,2024/12/13,啟用,金融服務業,保險/金融友善服務
1087,民間團體,南開科技大學車輛工程系(所),https://nkve.nkut.edu.tw/,A,2024/11/22,啟用,教育機構,大學/技專校院
1089,民間團體,台北國際藝術村,https://www.artistvillage.org,A,2025/1/15,啟用,生活休閒場館,博物館/藝文/展演機構
1098,民間團體,新光人壽金融友善服務專區,https://easy-access.skl.com.tw/,AA,2024/11/20,啟用,金融服務業,保險/金融友善服務
1101,民間團體,佛光山學校財團法人高雄市普門高級中學資訊網,https://www.pmsh.khc.edu.tw/,AA,2024/12/26,啟用,教育機構,中小學/高中/幼兒園(私立)
1129,民間團體,板信商業銀行金融友善服務WEB-ATM,https://accessiblewebatm.bop.com.tw,A,2024/1/19,啟用,金融服務業,銀行/證券/期貨/投信
1134,民間團體,經濟部德基水庫集水區管理委員會德基水庫水質藻類監測資訊網,https://web.wra.gov.tw/techi/,AA,2024/11/25,啟用,財團法人/公協會,政府捐助/委辦法人機構
1146,民間團體,泰安產物保險金融友善服務專區,https://accessibility.taian.com.tw/,AAA,2023/12/18,啟用,金融服務業,保險/金融友善服務
1180,民間團體,臺北醫學大學,https://www.tmu.edu.tw/,AA,2023/12/18,啟用,教育機構,大學/技專校院
1185,民間團體,中華民國人壽保險商業同業公會全球資訊服務網,https://www.lia-roc.org.tw/,A,2023/12/19,啟用,金融服務業,保險/金融友善服務
1188,民間團體,板信商業銀行友善網路銀行,https://accessiblenetbank.bop.com.tw/,A,2024/1/19,啟用,金融服務業,銀行/證券/期貨/投信
1189,民間團體,嘉義市第三信用合作社,https://chiayi3c.scu.org.tw/,A,2024/1/25,啟用,金融服務業,銀行/證券/期貨/投信
1191,民間團體,財團法人工業技術研究院Energypark節約能源園區,https://www.energypark.org.tw,AA,2024/1/15,啟用,財團法人/公協會,政府捐助/委辦法人機構
1192,民間團體,安泰商業銀行_友善服務銀行,https://aebanking.entiebank.com.tw/AccessibleWebBank/login,A,2024/1/15,啟用,金融服務業,銀行/證券/期貨/投信
1205,民間團體,台中銀行網路ATM,https://webatm.tcbbank.com.tw/SWATM/,A,2024/2/6,啟用,金融服務業,銀行/證券/期貨/投信
1213,民間團體,安聯人壽金融友善專區,https://accessibility.allianz.com.tw/,AA,2026/2/25,啟用,金融服務業,保險/金融友善服務
1221,民間團體,大葉大學-D無窮學院,https://dschool.dyu.edu.tw/,AA,2024/12/26,啟用,教育機構,大學/技專校院
1235,民間團體,長庚學校財團法人長庚科技大學,https://www.cgust.edu.tw,AA,2024/12/26,啟用,教育機構,大學/技專校院
1237,民間團體,Chang Gung University of Science and Technology,https://english.cgust.edu.tw,AA,2024/12/26,啟用,教育機構,大學/技專校院
1244,民間團體,玄奘大學-數位學習 I-learn平臺,https://ilearn.hcu.edu.tw,A,2024/1/11,啟用,教育機構,大學/技專校院
1265,民間團體,澎湖時空旅人軍事體驗 ,https://penghu-warstory.com,AA,2024/12/25,啟用,生活休閒場館,觀光/休閒/文化園區
1276,民間團體,15共融諮詢,https://15dei.com,AA,2025/3/4,啟用,生活休閒場館,觀光/休閒/文化園區
1281,民間團體,宏國學校財團法人宏國德霖科技大學,https://w5.hdut.edu.tw,AA,2025/1/23,啟用,教育機構,大學/技專校院
1295,民間團體,中華民國產物保險商業同業公會,https://www.nlia.org.tw/,AA,2025/5/19,啟用,金融服務業,保險/金融友善服務
1306,民間團體,台灣血液基金會 企業永續網,https://esg.blood.org.tw/,A,2025/2/7,啟用,財團法人/公協會,財團法人/基金會/公協會
1320,民間團體,財團法人中華民國對外貿易發展協會台灣婦女企業網,http://www.womensmes.com/,A,2026/2/26,啟用,財團法人/公協會,財團法人/基金會/公協會
1335,民間團體,德育學校財團法人德育護理健康學院全球資訊網,https://www.dyhu.edu.tw,AA,2025/2/5,啟用,教育機構,大學/技專校院
1357,民間團體,衛武營國家藝術文化中心衛武營藝術學習網,https://learning.npac-weiwuying.org/,A,2024/1/26,啟用,財團法人/公協會,政府捐助/委辦法人機構
1360,民間團體,臺北市私立薇閣高級中學,https://web.wghs.tp.edu.tw,AA,2024/1/26,啟用,教育機構,中小學/高中/幼兒園(私立)
1362,民間團體,龍華科技大學管理學院,https://cm.lhu.edu.tw/,A,2025/2/27,啟用,教育機構,大學/技專校院
1377,民間團體,中山醫學大學校首頁,https://www.csmu.edu.tw,AA,2025/3/10,啟用,教育機構,大學/技專校院
1381,民間團體,龍華科技大學財務金融系,https://fn.lhu.edu.tw/,A,2025/2/27,啟用,教育機構,大學/技專校院
1404,民間團體,中國信託商業銀行易付網站,https://accessibility.yapee.tw ,A,2024/2/22,啟用,金融服務業,銀行/證券/期貨/投信
1405,民間團體,大昌證券金融友善服務專區,https://friendly.dcn.com.tw/,A,2025/3/5,啟用,金融服務業,銀行/證券/期貨/投信
1423,民間團體,財團法人職業災害預防及重建中心,https://www.coapre.org.tw/,AA,2024/2/15,啟用,財團法人/公協會,財團法人/基金會/公協會
1427,民間團體, 財團法人台灣建築中心淨零建築產學研推廣宣導平台網站,http://nzb.acv-vision.com/,AA,2025/2/27,啟用,財團法人/公協會,財團法人/基金會/公協會
1436,民間團體,馬偕學校財團法人馬偕醫護管理專科學校校首頁,https://www.mkc.edu.tw/,AA,2025/4/9,啟用,教育機構,大學/技專校院
1443,民間團體,凱基銀行友善網路銀行,https://www.kgibank.com/AccessibilityWeb/index.jsp,A,2024/3/20,啟用,金融服務業,銀行/證券/期貨/投信
1447,民間團體,德育學校財團法人德育護理健康學院進修部,https://dpd.dyhu.edu.tw/,AA,2025/4/9,啟用,教育機構,大學/技專校院
1449,民間團體,德育學校財團法人德育護理健康學院招生組,https://recruit.dyhu.edu.tw/,AA,2025/3/24,啟用,教育機構,大學/技專校院
1450,民間團體,日統汽車客運股份有限公司,https://www.solarbus.com.tw,AAA,2025/3/21,啟用,一般企業,交通運輸事業
1456,民間團體,德育學校財團法人德育護理健康學院教務處,https://aca.dyhu.edu.tw/,AA,2025/5/16,啟用,教育機構,大學/技專校院
1463,民間團體,德明財經科技大學圖書館,https://www1.takming.edu.tw,A,2025/3/27,啟用,教育機構,大學/技專校院
1475,民間團體,第一商業銀行股份有限公司官方網站,https://www.firstbank.com.tw/,AA,2025/3/19,啟用,金融服務業,銀行/證券/期貨/投信
1488,民間團體,臺北市文山運動中心暨景美游泳池,https://wssc.cyc.org.tw/,A,2025/3/19,啟用,生活休閒場館,運動中心/場館
1491,民間團體,新安東京海上友善服務網,https://easyaccess.tmnewa.com.tw,AAA,2025/4/7,啟用,金融服務業,保險/金融友善服務
1492,民間團體,台北海洋科技大學,https://www.tumt.edu.tw/,AA,2024/7/3,啟用,教育機構,大學/技專校院
1504,民間團體,台北富邦銀行金融友善專區,https://www.fubon.com/banking/accessible/,AAA,2024/4/2,啟用,金融服務業,銀行/證券/期貨/投信
1512,民間團體,彰化銀行-友善專區網路ATM,https://eatm.chb.com.tw/accATM/,AA,2024/3/13,啟用,金融服務業,銀行/證券/期貨/投信
1537,民間團體,長榮大學全球資訊網中文版,https://www.cjcu.edu.tw,A,2025/3/26,啟用,教育機構,大學/技專校院
1542,民間團體,淡江大學中文版首頁,https://www.tku.edu.tw,A,2025/7/15,啟用,教育機構,大學/技專校院
1554,民間團體,德育學校財團法人德育護理健康學院幼兒保育系(所),https://child.dyhu.edu.tw/,AA,2025/5/16,啟用,教育機構,大學/技專校院
1560,民間團體,臺北市私立薇閣國民小學 ,https://esweb.wgps.tp.edu.tw/,AA,2024/4/9,啟用,教育機構,中小學/高中/幼兒園(私立)
1564,民間團體,德育學校財團法人德育護理健康學院護理系,https://nur.dyhu.edu.tw/,AA,2025/4/16,啟用,教育機構,大學/技專校院
1565,民間團體,德育學校財團法人德育護理健康學院餐旅廚藝管理系,https://hotel.dyhu.edu.tw,AA,2025/4/14,啟用,教育機構,大學/技專校院
1566,民間團體,樹人醫護管理專科學校,https://www.szmc.edu.tw/,A,2025/3/20,啟用,教育機構,大學/技專校院
1572,民間團體,德育學校財團法人德育護理健康學院高齡照顧福祉系,https://elder.dyhu.edu.tw/,AA,2025/3/28,啟用,教育機構,大學/技專校院
1574,民間團體,龍華科技大學電子工程系,https://el.lhu.edu.tw/,A,2025/3/18,啟用,教育機構,大學/技專校院
1575,民間團體,龍華科技大學觀光休閒系,https://sl.lhu.edu.tw/,A,2025/3/18,啟用,教育機構,大學/技專校院
1576,民間團體,龍華科技大學工業管理系,https://dim.lhu.edu.tw/,A,2025/3/18,啟用,教育機構,大學/技專校院
1589,民間團體,美好金融金融友善專區,https://goodfinance.com/accessibility/,AAA,2024/4/19,啟用,金融服務業,保險/金融友善服務
1591,民間團體,德育學校財團法人德育護理健康學院食品保健系,https://food.dyhu.edu.tw/,AA,2025/3/28,啟用,教育機構,大學/技專校院
1593,民間團體,第一銀行友善金融服務網,https://freebank.firstbank.com.tw/ANB/index.jsp,AA,2024/3/29,啟用,金融服務業,銀行/證券/期貨/投信
1610,民間團體,德育學校財團法人德育護理健康學院秘書室,https://sec.dyhu.edu.tw/,AA,2025/3/28,啟用,教育機構,大學/技專校院
1631,民間團體,澎湖縣第一信用合作社,https://pfcco.scu.org.tw/,A,2024/4/1,啟用,金融服務業,銀行/證券/期貨/投信
1633,民間團體,德育學校財團法人德育護理健康學院環境安全衛生室,https://safety.dyhu.edu.tw/,AA,2025/3/28,啟用,教育機構,大學/技專校院
1634,民間團體,凱基人壽金融友善專區,https://www.kgilife.com.tw/zh-tw/accessible,AAA,2024/3/28,啟用,金融服務業,保險/金融友善服務
1640,民間團體,富邦人壽金融服務友善專區,https://friendly.fubonlife.com.tw/,AAA,2024/4/2,啟用,金融服務業,保險/金融友善服務
1641,民間團體,財團法人農業信用保證基金,https://www.acgf.org.tw,AA,2025/6/16,啟用,財團法人/公協會,財團法人/基金會/公協會
1659,民間團體,龍華科技大學工程學院,https://eng.lhu.edu.tw/,A,2025/3/28,啟用,教育機構,大學/技專校院
1665,民間團體,龍華科技大學機械工程系,https://me.lhu.edu.tw/,A,2025/3/28,啟用,教育機構,大學/技專校院
1667,民間團體,社團法人台北市心生活協會,http://www.heartlife.org.tw,A,2025/4/8,啟用,財團法人/公協會,財團法人/基金會/公協會
1669,民間團體,保誠人壽官方網站金融友善專區,https://www.pcalife.com.tw/zh/easyaccess/,A,2025/4/2,啟用,金融服務業,保險/金融友善服務
1670,民間團體,德育學校財團法人德育護理健康學院會計室,https://acc.dyhu.edu.tw/,AA,2025/4/2,啟用,教育機構,大學/技專校院
1671,民間團體,龍華科技大學資訊管理系,https://im.lhu.edu.tw/,A,2025/3/28,啟用,教育機構,大學/技專校院
1689,民間團體,龍華科技大學應用外語系,https://afl.lhu.edu.tw/,A,2025/4/2,啟用,教育機構,大學/技專校院
1694,民間團體,德育學校財團法人德育護理健康學院美容流行設計系,https://cos.dyhu.edu.tw/,AA,2024/4/11,啟用,教育機構,大學/技專校院
1699,民間團體,德育學校財團法人德育護理健康學院健康產業管理研究所,https://ihi.dyhu.edu.tw/,AA,2025/4/8,啟用,教育機構,大學/技專校院
1710,民間團體,楊梅體育園區官方網站,https://ymscwdyg.com.tw,A,2024/3/29,啟用,生活休閒場館,運動中心/場館
1749,民間團體,兆銀資訊官方網站,https://www.megasilver.com.tw/,AAA,2024/4/11,啟用,金融服務業,銀行/證券/期貨/投信
1751,民間團體,德育學校財團法人德育護理健康學院推廣教育中心,https://tra.dyhu.edu.tw,AA,2024/4/2,啟用,教育機構,大學/技專校院
1754,民間團體,彰化銀行友善專區,https://ae.chb.com.tw/accessible/faces/login/Login,AA,2024/4/26,啟用,金融服務業,銀行/證券/期貨/投信
1765,民間團體,大直橋下迎風水域休憩碼頭,https://dazin-gosup.com.tw/,A,2024/3/27,啟用,生活休閒場館,觀光/休閒/文化園區
1788,民間團體,和泰產險金融友善服務專區,https://web-act.hotains.com.tw/,AAA,2024/4/1,啟用,金融服務業,保險/金融友善服務
1796,民間團體,德育學校財團法人德育護理健康學院總務處,https://ga.dyhu.edu.tw,AA,2024/4/8,啟用,教育機構,大學/技專校院
1797,民間團體,兆豐銀行網路ATM友善專區,https://handicap-free.megabank.com.tw/accwebatm,AA,2024/4/26,啟用,金融服務業,銀行/證券/期貨/投信
1799,民間團體,德育學校財團法人德育護理健康學院觀光休閒與健康系,https://ath.dyhu.edu.tw/,AA,2024/4/17,啟用,教育機構,大學/技專校院
1803,民間團體,台灣高鐵企業網站,https://www.thsrc.com.tw/,AA,2024/4/1,啟用,一般企業,交通運輸事業
1811,民間團體,陽信銀行友善網路銀行,https://freebank.esunnybank.com.tw/sunnyNBFreeGo/,A,2024/4/9,啟用,金融服務業,銀行/證券/期貨/投信
1813,民間團體,東海大學,https://www.thu.edu.tw,AA,2024/4/15,啟用,教育機構,大學/技專校院
1814,民間團體,第一銀行簡易eATM網路理財機,https://eatm.firstbank.com.tw/fwebatm,A,2024/3/28,啟用,金融服務業,銀行/證券/期貨/投信
1829,民間團體,元大期貨金融友善服務專區,https://friendly.yuantafutures.com.tw,AA,2024/4/8,啟用,金融服務業,銀行/證券/期貨/投信
1832,民間團體,J米資訊工作室,https://jmicodelab.com/,AA,2024/4/11,啟用,個人網站/工作室,個人網站/工作室
1834,民間團體,崑山科技大學,https://www.ksu.edu.tw/,A,2024/4/25,啟用,教育機構,大學/技專校院
1837,民間團體,法國巴黎人壽企業網站,https://easyaccess.life.cardif.com.tw/,AAA,2024/4/12,啟用,金融服務業,保險/金融友善服務
1850,民間團體,臺北市內湖運動中心,https://nhsc.cyc.org.tw/,A,2024/4/29,啟用,生活休閒場館,運動中心/場館
1851,民間團體,臺中市朝馬運動中心,https://cmcsc.cyc.org.tw/,A,2024/4/22,啟用,生活休閒場館,運動中心/場館
1859,民間團體,大葉大學運動健康管理學系,https://bsm.dyu.edu.tw/,AA,2024/4/16,啟用,教育機構,大學/技專校院
1871,民間團體,臺灣產物保險官方網站,https://www.tfmi.com.tw,A,2024/4/19,啟用,金融服務業,保險/金融友善服務
1877,民間團體,樂天友善網路銀行,https://accessibility.rakuten-bank.com.tw/IHMQU0001/010,AA,2024/5/28,啟用,金融服務業,銀行/證券/期貨/投信
1878,民間團體,德育學校財團法人德育護理健康學院口腔衛生照護系,https://oral.dyhu.edu.tw/,AA,2025/7/15,啟用,教育機構,大學/技專校院
1879,民間團體,德育學校財團法人德育護理健康學院通識教育中心,https://ge.dyhu.edu.tw,AA,2025/8/15,啟用,教育機構,大學/技專校院
1880,民間團體,德育學校財團法人德育護理健康學院圖書資訊中心資訊組,https://cc.dyhu.edu.tw/,AA,2025/7/28,啟用,教育機構,大學/技專校院
1902,民間團體,南山人壽金融友善服務專區,https://accessibility.nanshanlife.com.tw/,AA,2025/7/15,啟用,金融服務業,保險/金融友善服務
1934,民間團體,財團法人臺灣民主基金會,https://www.tfd.org.tw/,AA,2025/8/11,啟用,財團法人/公協會,財團法人/基金會/公協會
1942,民間團體,華泰銀行簡便網路ATM,https://webatm.hwataibank.com.tw/freeatm,A,2024/5/20,啟用,金融服務業,銀行/證券/期貨/投信
1987,民間團體,金門縣信用合作社,https://kinmen.scu.org.tw,A,2025/7/17,啟用,金融服務業,銀行/證券/期貨/投信
1990,民間團體,陽信銀行金融友善服務網,https://service.sunnybank.com.tw/portal/accessible/,A,2025/7/22,啟用,金融服務業,銀行/證券/期貨/投信
2048,民間團體,嶺東科技大學,https://www.ltu.edu.tw/,AA,2025/8/19,啟用,教育機構,大學/技專校院
2063,民間團體,臺灣期貨交易所,https://www.taifex.com.tw/cht/index,AA,2025/9/11,啟用,金融服務業,銀行/證券/期貨/投信
2105,民間團體,德育學校財團法人德育護理健康學院國際專修部,https://ia.dyhu.edu.tw/,AA,2025/8/5,啟用,教育機構,大學/技專校院
2107,民間團體,台灣智園有限公司TronClass,https://accessibility.tronclass.com/,AA,2024/7/17,啟用,教育機構,教育科技/補教服務公司
2135,民間團體,彰化銀行公司資訊揭露網站,https://esg.chb.com.tw,AA,2025/10/21,啟用,金融服務業,銀行/證券/期貨/投信
2137,民間團體,華南銀行全球資訊網,https://www.hncb.com.tw/,AA,2025/7/17,啟用,金融服務業,銀行/證券/期貨/投信
2140,民間團體,玉山銀行金融友善網銀,https://accessibleebank.esunbank.com.tw/accessibleindex.jsp,AA,2024/6/3,啟用,金融服務業,銀行/證券/期貨/投信
2156,民間團體,京城銀行-個人網路銀行(簡易版),http://61.59.111.171/KTBPIBP3/WebApi/www_accessible_0422/,A,2024/7/1,啟用,金融服務業,銀行/證券/期貨/投信
2190,民間團體,德育學校財團法人德育護理健康學院人事室,https://per.dyhu.edu.tw/,AA,2025/8/28,啟用,教育機構,大學/技專校院
2200,民間團體,德育學校財團法人德育護理健康學院研究發展處,https://rd.dyhu.edu.tw/,AA,2025/9/5,啟用,教育機構,大學/技專校院
2213,民間團體,東海大學英文網站,https://eng.thu.edu.tw/,AA,2025/8/28,啟用,教育機構,大學/技專校院
2233,民間團體,德育學校財團法人德育護理健康學院秋瑾紀念圖書館,https://lib.dyhu.edu.tw/,AA,2025/8/19,啟用,教育機構,大學/技專校院
2283,民間團體,台南市第三信用合作社,https://ttc.scu.org.tw/,A,2025/12/29,啟用,金融服務業,銀行/證券/期貨/投信
2286,民間團體,強制汽車責任保險網站,https://www.cali.org.tw/,AA,2025/9/22,啟用,金融服務業,保險/金融友善服務
2290,民間團體,臺南市觀光工廠,https://www.tourismfactory.tw/,A,2026/3/23,啟用,生活休閒場館,觀光/休閒/文化園區
2295,民間團體,台中慈濟醫院友善服務專區,https://tc-accessibility.tzuchi.com.tw/,A,2024/5/27,啟用,醫療照護,醫療院所
2316,民間團體,財團法人法律扶助基金會官方網站,https://www.laf.org.tw/,A,2025/11/3,啟用,財團法人/公協會,財團法人/基金會/公協會
2320,民間團體,德育學校財團法人德育護理健康學院學生事務處,https://dsa.dyhu.edu.tw/,AA,2025/10/13,啟用,教育機構,大學/技專校院
2321,民間團體,工業技術研究院再生能源資訊網,https://www.re.org.tw/,AA,2025/8/27,啟用,財團法人/公協會,政府捐助/委辦法人機構
2323,民間團體,中國文化大學官網,https://www.pccu.edu.tw/,AA,2025/9/18,啟用,教育機構,大學/技專校院
2335,民間團體,台新證券金融友善服務專區,https://friendly.tssco.com.tw/,A,2025/11/13,啟用,金融服務業,銀行/證券/期貨/投信
2346,民間團體,新光人壽智能客服,https://robot.skl.com.tw/Webhook/,AA,2025/10/8,啟用,金融服務業,保險/金融友善服務
2352,民間團體,渣打國際商業銀行網路ATM,https://vibank.standardchartered.com.tw/SCBVIWebATM/Home/login,A,2024/7/17,啟用,金融服務業,銀行/證券/期貨/投信
2359,民間團體,大葉大學-資訊工程學系,https://csie.dyu.edu.tw/,AA,2025/9/25,啟用,教育機構,大學/技專校院
2360,民間團體,東吳大學中文官方網站,https://www-ch.scu.edu.tw/,AA,2025/9/30,啟用,教育機構,大學/技專校院
2367,民間團體,臺北市私立薇閣國民小學附設幼兒園,https://psweb.wgps.tp.edu.tw,AA,2025/11/28,啟用,教育機構,中小學/高中/幼兒園(私立)
2370,民間團體,嘉義產業創新研發中心,https://www.ciic.org.tw,A,2025/9/16,啟用,財團法人/公協會,政府捐助/委辦法人機構
2377,民間團體,華南銀行友善金融服務網,https://lovebank.hncb.com.tw/abank/,AA,2024/6/26,啟用,金融服務業,銀行/證券/期貨/投信
2404,民間團體,財團法人中華民國證券暨期貨市場發展基金會官網 ,https://www.sfi.org.tw,AA,2025/10/22,啟用,金融服務業,銀行/證券/期貨/投信
2407,民間團體,第一產物保險公平待客專區,https://friendly.firstins.com.tw/firstins/customerFair.html,AAA,2025/10/23,啟用,金融服務業,保險/金融友善服務
2414,民間團體,華泰商業銀行簡便個人網路銀行,https://netbank.hwataibank.com.tw/AConsumerBank/,A,2024/7/11,啟用,金融服務業,銀行/證券/期貨/投信
2415,民間團體,南臺科技大學,https://www.stust.edu.tw,AA,2025/10/2,啟用,教育機構,大學/技專校院
2431,民間團體,財團法人紡織產業綜合研究所,https://www.ttri.org.tw/,AA,2025/10/22,啟用,財團法人/公協會,政府捐助/委辦法人機構
2459,民間團體,新光產險金融友善網站,https://ac.sk-ins.com.tw/,AAA,2025/10/23,啟用,金融服務業,保險/金融友善服務
2469,民間團體,大葉大學-財務金融學系,https://fm.dyu.edu.tw/,AA,2025/12/2,啟用,教育機構,大學/技專校院
2480,民間團體,第一銀行友善金融服務網-主頁及金融資訊,https://bankfree.firstbank.com.tw/ANB3A/,AAA,2025/10/31,啟用,金融服務業,銀行/證券/期貨/投信
2518,民間團體,清泉醫院,https://www.ching-chyuan.com.tw/,A,2025/10/23,啟用,醫療照護,醫療院所
2533,民間團體,SONORA 洲投資宣導網站,https://www.investsonora.org/,AA,2025/12/5,啟用,金融服務業,銀行/證券/期貨/投信
2541,民間團體,財團法人資訊工業策進會綠色數位市集,https://gdm.ideaschain.com.tw,AA,2024/7/19,啟用,財團法人/公協會,政府捐助/委辦法人機構
2543,民間團體,桃園市中壢運動中心,https://zlcsc.cyc.org.tw/,A,2025/11/25,啟用,生活休閒場館,運動中心/場館
2545,民間團體,凱基人壽保障型保險商品平台金融友善專區,https://e-commerce.kgilife.com.tw/ECFRS/accessible/FundRich.action,AAA,2024/11/6,啟用,金融服務業,保險/金融友善服務
2559,民間團體,大葉大學-學生事務處,https://sa.dyu.edu.tw/,AA,2026/3/19,啟用,教育機構,大學/技專校院
2560,民間團體,亞洲大學秘書室,https://sec.asia.edu.tw,A,2025/12/30,啟用,教育機構,大學/技專校院
2575,民間團體,苗栗縣苗北藝文中心,https://www.miaobeiac.org/,A,2025/12/8,啟用,生活休閒場館,博物館/藝文/展演機構
2578,民間團體,財團法人原住民族語言研究發展基金會,https://www.ilrdf.org.tw/,AA,2025/12/30,啟用,財團法人/公協會,財團法人/基金會/公協會
2594,民間團體,TWNIC 財團法人台灣網路資訊中心 APrIGF 2024,https://aprigf.tw/,A,2024/8/6,啟用,財團法人/公協會,政府捐助/委辦法人機構
2597,民間團體,財團法人台灣金融研訓院官方網站,https://www.tabf.org.tw/,AA,2025/12/29,啟用,財團法人/公協會,財團法人/基金會/公協會
2600,民間團體,三信商銀簡易網銀服務,https://ibank.cotabank.com.tw/ibank/,A,2024/11/8,啟用,金融服務業,銀行/證券/期貨/投信
2608,民間團體,龍華科技大學,https://www.lhu.edu.tw,A,2025/11/26,啟用,教育機構,大學/技專校院
2613,民間團體,亞洲大學資訊發展處,https://ic.asia.edu.tw,A,2026/3/30,啟用,教育機構,大學/技專校院
2617,民間團體,航空教育展示館,https://www.aeeh.com.tw/,A,2025/12/23,啟用,生活休閒場館,觀光/休閒/文化園區
2618,民間團體,航空教育展示館(英文版),https://en.aeeh.com.tw/,A,2025/12/23,啟用,生活休閒場館,觀光/休閒/文化園區
2634,民間團體,中國醫藥大學-Moodle數位學習系統,https://moodle.cmu.edu.tw,A,2024/8/12,啟用,教育機構,大學/技專校院
2647,民間團體,富邦人壽永續友善專區,https://esgfriendly.fubonlife.com.tw/,AA,2025/11/28,啟用,金融服務業,保險/金融友善服務
2655,民間團體,財團法人金融消費評議中心官方網站,https://www.foi.org.tw/ ,AA,2026/1/19,啟用,財團法人/公協會,財團法人/基金會/公協會
2664,民間團體,富邦人壽公平待客原則專區,https://tcfp.fubonlife.com.tw/tcfp/,AA,2026/1/12,啟用,金融服務業,保險/金融友善服務
2695,民間團體,私立德育護理健康學院附設基隆市幼兒園,https://kids.dyhu.edu.tw/,AA,2026/1/27,啟用,教育機構,中小學/高中/幼兒園(私立)
2717,民間團體,財團法人保險事業發展中心全球資訊網,https://www.tii.org.tw/,AA,2025/12/24,啟用,金融服務業,保險/金融友善服務
2732,民間團體,國泰人壽金融友善服務網頁,https://www.cathaylife.com.tw/cathaylifeins/EasyAccess/main,AAA,2026/2/9,啟用,金融服務業,保險/金融友善服務
2746,民間團體,德育學校財團法人德育護理健康學院校務研究辦公室,https://ir.dyhu.edu.tw/,AA,2024/9/2,啟用,教育機構,大學/技專校院
2748,民間團體,大葉大學-企業管理學系,https://ba.dyu.edu.tw/,AA,2026/3/17,啟用,教育機構,大學/技專校院
2750,民間團體,玉山銀行官方網站,https://www.esunbank.com/,A,2024/10/4,啟用,金融服務業,銀行/證券/期貨/投信
2783,民間團體,柏瑞投資理財網,https://www.pinebridge.com.tw/Accessible/,AA,2024/9/12,啟用,金融服務業,銀行/證券/期貨/投信
2784,民間團體,臺北市天母棒球場,http://tianmu.wdragons-bs.com/,A,2026/1/29,啟用,生活休閒場館,運動中心/場館
2795,民間團體,凱基銀行友善金融服務專區,https://www.kgibank.com/kgibank/Accessibility/,AAA,2026/1/30,啟用,金融服務業,銀行/證券/期貨/投信
2857,民間團體,光宇學校財團法人元培醫事科技大學,https://www.ypu.edu.tw,AA,2024/9/24,啟用,教育機構,大學/技專校院
2858,民間團體,中華電信友善專區,https://accessibility.cht.com.tw/,AA,2026/1/29,啟用,一般企業,電信公司
2859,民間團體,第一產物保險金融友善專區,https://friendly.firstins.com.tw/firstins/friendlyService.html,A,2024/11/7,啟用,金融服務業,保險/金融友善服務
2912,民間團體,高雄市南區輔具資源中心,https://www.kssouth.org.tw,A,2026/3/12,啟用,輔具資源中心,輔具資源中心
2923,民間團體,合作金庫證券金融友善專區,https://friendly.tcfhc-sec.com.tw,AA,2026/3/24,啟用,金融服務業,銀行/證券/期貨/投信
2938,民間團體,兆豐保險友善服務專區,https://accessibility.cki.com.tw/,AAA,2025/8/26,啟用,金融服務業,保險/金融友善服務
2976,民間團體,高雄市北區輔具資源中心,https://www.penganfg.org.tw,A,2024/10/9,啟用,輔具資源中心,輔具資源中心
2997,民間團體,慈濟大學,https://www.tcu.edu.tw/,AA,2026/3/10,啟用,教育機構,大學/技專校院
3014,民間團體,街口投信-金融友善服務專區,https://www.jkoam.com/accessibility/,AA,2024/10/25,啟用,金融服務業,銀行/證券/期貨/投信
3042,民間團體,財團法人桃園市客家文化基金會天光雜貨店,https://www.tiengong.com.tw/,A,2024/10/4,啟用,財團法人/公協會,財團法人/基金會/公協會
3046,民間團體,無障礙全球資訊網,https://www.batol.net/,AAA,2024/10/8,啟用,醫療照護,社福/身心障礙服務機構
3049,民間團體,明台產物保險股份有限公司金融友善服務,https://friendly.msig-mingtai.com.tw/,AA,2024/10/4,啟用,金融服務業,保險/金融友善服務
3069,民間團體,私立華梵大學,https://www.hfu.edu.tw/,AA,2024/10/18,啟用,教育機構,大學/技專校院
3090,民間團體,沙崙綠能科技示範場域,https://www.sgetds.org.tw/,AA,2024/10/24,啟用,財團法人/公協會,政府捐助/委辦法人機構
3097,民間團體,桃園市北區輔具資源中心,https://www.tyad.org.tw/,A,2024/10/21,啟用,輔具資源中心,輔具資源中心
3111,民間團體,財團法人住宅地震保險基金網站,https://www.treif.org.tw/,AA,2024/10/15,啟用,金融服務業,保險/金融友善服務
3123,民間團體,桃園市南區輔具資源中心,https://ntyc.com.tw/,AA,2024/10/21,啟用,輔具資源中心,輔具資源中心
3142,民間團體,天主教靈醫會醫療財團法人羅東聖母醫院網站,https://www.smh.org.tw/,A,2024/10/21,啟用,醫療照護,醫療院所
3184,民間團體,AI Amaze 網路聊天助手,https://website.ai-amaze.com/accessibility,AAA,2024/10/24,啟用,一般企業,科技/資訊公司
3200,民間團體,財團法人汽車交通事故特別補償基金,https://www.mvacf.org.tw/,AA,2024/11/11,啟用,財團法人/公協會,財團法人/基金會/公協會
3208,民間團體,台新銀行網路ATM友善服務網,https://ac.taishinbank.com.tw/AccWeb/AC/,A,2024/12/17,啟用,金融服務業,銀行/證券/期貨/投信
3225,民間團體, 財團法人原住民族語言研究發展基金會試題徵題報名網站,https://siking.ilrdf.org.tw/Registration,A,2024/10/31,啟用,財團法人/公協會,財團法人/基金會/公協會
3232,民間團體,藝淇數位設計政府標案網站設計建置服務,https://www.csidea.org.tw/,AAA,2024/10/30,啟用,一般企業,科技/資訊公司
3262,民間團體,瑪利亞社會福利基金會AAC溝通50+,https://aac.maria.org.tw/,AA,2024/11/5,啟用,財團法人/公協會,財團法人/基金會/公協會
3263,民間團體,國家運動科學中心,https://www.tiss.org.tw,A,2024/11/15,啟用,財團法人/公協會,政府捐助/委辦法人機構
3308,民間團體,永豐金證券 金融友善服務專區,https://www.sinotrade.com.tw/Friendly_service,AAA,2024/11/6,啟用,金融服務業,銀行/證券/期貨/投信
3344,民間團體,臺北城市科技大學,https://www.tpcu.edu.tw/,A,2026/3/31,啟用,教育機構,大學/技專校院
3347,民間團體,新竹市天指教私立曙光國小,https://www.sgps.hc.edu.tw/,AA,2024/11/12,啟用,教育機構,中小學/高中/幼兒園(私立)
3363,民間團體,銘傳大學首頁,https://web2.mcu.edu.tw/,AA,2026/3/30,啟用,教育機構,大學/技專校院
3393,民間團體,中華民國女法官協會,https://www.wjaroc.org.tw/,AA,2024/11/19,啟用,財團法人/公協會,財團法人/基金會/公協會
3404,民間團體,臺中市立大里高級中學,https://dlsh.tc.edu.tw/,A,2024/11/19,啟用,教育機構,中小學/高中/幼兒園(私立)
3409,民間團體,大葉大學視光學系,https://opt.dyu.edu.tw/,AA,2024/11/21,啟用,教育機構,大學/技專校院
3439,民間團體,彰化商業銀行官方網站,https://www.bankchb.com/,AA,2024/12/16,啟用,金融服務業,銀行/證券/期貨/投信
3442,民間團體,東海大學 Tunghai University（體驗網站）,https://ilearnaa.thu.edu.tw,A,2024/11/2,啟用,教育機構,大學/技專校院
3448,民間團體,NVDA 台灣,https://www.nvda.org.tw/,A,2024/11/20,啟用,醫療照護,社福/身心障礙服務機構
3457,民間團體,財團法人金屬工業研究發展中心海洋科技產業創新專區,https://www.mtic.org.tw/,AA,2024/11/19,啟用,財團法人/公協會,政府捐助/委辦法人機構
3468,民間團體,宜蘭信用合作社,https://ilan.scu.org.tw/,A,2026/3/27,啟用,金融服務業,銀行/證券/期貨/投信
3471,民間團體,財團法人證券投資人及期貨交易人保護中心官網,https://www.sfipc.org.tw,AA,2026/3/30,啟用,金融服務業,銀行/證券/期貨/投信
3476,民間團體,新竹市竹光運動中心,https://zgcsc.cyc.org.tw/,A,2024/11/20,啟用,生活休閒場館,運動中心/場館
3516,民間團體,宏國德霖科技大學-數位教學平台系統,https://moodle.hdut.edu.tw,A,2024/12/11,啟用,教育機構,大學/技專校院
3518,民間團體,財團法人台灣綜合研究院再生能源義務(用電大戶)服務網,https://www.reo.org.tw/,AA,2024/12/6,啟用,財團法人/公協會,財團法人/基金會/公協會
3523,民間團體,樹德科技大學全球資訊網,https://www.stu.edu.tw,A,2025/6/9,啟用,教育機構,大學/技專校院
3547,民間團體,京城銀行-友善金融專區,https://netbank.ktb.com.tw/KTBPIB/WebApi/accessibility/,A,2024/12/9,啟用,金融服務業,銀行/證券/期貨/投信
3549,民間團體,e-Bill全國繳費網,https://ebill.ba.org.tw/,AA,2024/12/20,啟用,金融服務業,銀行/證券/期貨/投信
3554,民間團體,工業技術研究院能源知識庫,https://km.twenergy.org.tw/,A,2024/11/29,啟用,財團法人/公協會,政府捐助/委辦法人機構
3558,民間團體,工業技術研究院2050能源部門淨零網站,https://2050nzea.tw,A,2026/3/30,啟用,財團法人/公協會,政府捐助/委辦法人機構
3598,民間團體,臺灣企銀友善專區網路銀行,https://nnb.tbb.com.tw/TBBANNBWEB/,AA,2025/1/23,啟用,金融服務業,銀行/證券/期貨/投信
3606,民間團體,財團法人愛盲基金會有聲點字圖書館,https://lib.blindness.org.tw/,AA,2026/2/25,啟用,財團法人/公協會,財團法人/基金會/公協會
3625,民間團體,景文科技大學圖資處官網,https://lis.just.edu.tw/,AA,2026/3/31,啟用,教育機構,大學/技專校院
3629,民間團體,臺灣消除C型肝炎國際研討會,https://www.taiwan-hcv-elimination-conference.org.tw/,AA,2024/12/16,啟用,醫療照護,社福/身心障礙服務機構
3630,民間團體,群益期貨金融網,https://www.capitalfutures.com.tw,A,2024/12/19,啟用,金融服務業,銀行/證券/期貨/投信
3639,民間團體,玉山證券金融友善服務專區,https://friendly.esunsec.com.tw/,A,2026/3/31,啟用,金融服務業,銀行/證券/期貨/投信
3644,民間團體,中華民國期貨業商業同業公會金融友善服務專區,https://acc.futures.org.tw/,AA,2026/2/25,啟用,金融服務業,銀行/證券/期貨/投信
3646,民間團體,臺灣證券交易所金融友善服務專區,https://accessibility.twse.com.tw/,AA,2024/12/30,啟用,金融服務業,銀行/證券/期貨/投信
3679,民間團體,國立臺灣師範大學能源教育資訊網,https://energy.mt.ntnu.edu.tw/,AA,2026/3/27,啟用,教育機構,大學/技專校院
3682,民間團體,晶片資安第一站,https://csl.iii.org.tw/,A,2025/1/3,啟用,財團法人/公協會,政府捐助/委辦法人機構
3703,民間團體,財團法人賑災基金會,https://www.tf4dr.org/,A,2026/2/24,啟用,財團法人/公協會,財團法人/基金會/公協會
3704,民間團體,雍盛科技路燈管理系統展示平台,https://test.ysong.com.tw/czlamp/,AA,2025/1/3,啟用,一般企業,能源/公用事業
3713,民間團體,TOTO台灣官網,https://www.twtoto.com.tw/accessible/,AA,2026/2/24,啟用,一般企業,一般企業(製造/零售/顧問/品牌)
3715,民間團體,新竹市輔具資源中心,https://www.hcarc.com.tw,AA,2024/12/30,啟用,輔具資源中心,輔具資源中心
3725,民間團體,安達人壽金融友善服務,https://esales.chubblife.com.tw/accessibility/,AA,2026/3/18,啟用,金融服務業,保險/金融友善服務
3735,民間團體,高壓用電設備試驗與審查資訊系統,https://www.highvoltage.org.tw,A,2026/3/19,啟用,財團法人/公協會,政府捐助/委辦法人機構
3755,民間團體,明新學校財團法人明新科技大學 ,https://www.must.edu.tw,AA,2025/1/9,啟用,教育機構,大學/技專校院
3784,民間團體,社團法人屏東縣輔具應用及身心健康促進協會屏東縣輔具資源中心,https://www.ptat-sbptclinic.com.tw/,A,2025/2/3,啟用,財團法人/公協會,財團法人/基金會/公協會
3801,民間團體,蜜望實企業 Honey Hope Honesty,https://www.threehhh.com.tw/,AA,2025/2/10,啟用,一般企業,一般企業(製造/零售/顧問/品牌)
3806,民間團體,投信投顧公會金融友善服務專區,https://acc.sitca.org.tw/,A,2025/1/22,啟用,金融服務業,銀行/證券/期貨/投信
3820,民間團體,台北富邦銀行基金會,https://www.taipeifubon.org.tw/,AA,2025/2/5,啟用,金融服務業,銀行/證券/期貨/投信
3830,民間團體,證券櫃檯買賣中心,https://www.tpex.org.tw/,AA,2025/2/18,啟用,金融服務業,銀行/證券/期貨/投信
3832,民間團體,伊甸無障礙交通服務,https://bus.eden.org.tw/,A,2025/2/12,啟用,醫療照護,社福/身心障礙服務機構
3846,民間團體,財團法人中小企業信用保證基金,https://www.smeg.org.tw/,A,2025/3/6,啟用,財團法人/公協會,財團法人/基金會/公協會
3850,民間團體,財團法人東海大學附屬高級中等學校,https://www.hn.thu.edu.tw/,AA,2025/3/13,啟用,教育機構,中小學/高中/幼兒園(私立)
3852,民間團體,財團法人職業災害預防及重建中心輔導申報系統,https://ospims.coapre.org.tw/COAPRE/,AA,2025/2/11,啟用,財團法人/公協會,財團法人/基金會/公協會
3872,民間團體,馬偕醫學院,https://www.mmc.edu.tw/,AA,2025/2/6,啟用,教育機構,大學/技專校院
3889,民間團體,國立臺北藝術大學教學與學習中心網站,https://ctl.tnua.edu.tw/,AA,2025/3/25,啟用,教育機構,大學/技專校院
3896,民間團體,公勝財富管理顧問股份有限公司,https://www.goldenfp.com.tw/,A,2025/2/20,啟用,金融服務業,保險/金融友善服務
3913,民間團體,元智大學創校36年周年校慶暨運動會,https://anniversary36th.yzu.edu.tw/,AA,2025/3/6,啟用,教育機構,大學/技專校院
3924,民間團體,慶聯科技股份有限公司,https://www.chinglan.com.tw/,AA,2025/2/17,啟用,一般企業,科技/資訊公司
3956,民間團體,新生學校財團法人新生醫護管理專科學校,https://www.hsc.edu.tw/,AA,2025/4/7,啟用,教育機構,大學/技專校院
3963,民間團體,澎湖縣輔具資源中心,http://www.phadc.org.tw/,A,2025/2/24,啟用,輔具資源中心,輔具資源中心
3964,民間團體,財團法人證券投資人及期貨交易人保護中心數位求償受理網站系統,https://front.sfipc.org.tw,AA,2025/3/3,啟用,金融服務業,銀行/證券/期貨/投信
4025,民間團體,國立臺北藝術大學教學與學習中心藝游誌網站,https://ctl-enewsletter.tnua.edu.tw/,AA,2025/3/11,啟用,教育機構,大學/技專校院
4034,民間團體,財團法人愛盲基金會,https://www.tfb.org.tw/,AA,2025/3/25,啟用,財團法人/公協會,財團法人/基金會/公協會
4056,民間團體,第一銀行智能客服,https://iagent.firstbank.com.tw/,AA,2025/3/13,啟用,金融服務業,銀行/證券/期貨/投信
4067,民間團體,中國醫藥大學新竹附設醫院,https://www.cmu-hch.cmu.edu.tw/,A,2025/7/5,啟用,教育機構,大學/技專校院
4082,民間團體,中華民國信託業商業同業公會 友善服務網,https://acc.trust.org.tw/,A,2025/3/19,啟用,財團法人/公協會,財團法人/基金會/公協會
4090,民間團體,財團法人海華文教基金會官方網站,https://www.occef.org.tw,AA,2025/4/8,啟用,財團法人/公協會,財團法人/基金會/公協會
4092,民間團體,新光銀行友善金融專區,https://rate.skbank.com.tw/,AA,2025/4/7,啟用,金融服務業,銀行/證券/期貨/投信
4093,民間團體,國立臺灣師範大學 社會工作與家庭研究中心,https://swfs.ntnu.edu.tw/,AA,2025/3/26,啟用,教育機構,大學/技專校院
4110,民間團體,宜蘭縣溪北輔具資源中心,https://www.yilanatrc.com.tw/,A,2025/3/21,啟用,輔具資源中心,輔具資源中心
4126,民間團體,華文視障圖書網,https://elib.batol.net/,AAA,2025/3/17,啟用,醫療照護,社福/身心障礙服務機構
4149,民間團體,玉山銀行金融友善服務專區,https://accessible.esunbank.com.tw/Accessibility,AAA,2025/5/26,啟用,金融服務業,銀行/證券/期貨/投信
4176,民間團體,第一商業銀行股份有限公司信用卡官方網站,https://card.firstbank.com.tw,AA,2025/3/24,啟用,金融服務業,銀行/證券/期貨/投信
4183,民間團體,實踐大學,https://www.usc.edu.tw/,AA,2025/3/28,啟用,教育機構,大學/技專校院
4203,民間團體,光田綜合醫院掛號系統,https://register.ktgh.com.tw/,AA,2025/4/22,啟用,醫療照護,醫療院所
4215,民間團體,國立臺北藝術大學音樂學院,https://musiccollege.tnua.edu.tw/,AA,2025/3/26,啟用,教育機構,大學/技專校院
4217,民間團體,敏惠管理醫護專科學校,https://www.mhchcm.edu.tw/,AA,2025/4/7,啟用,教育機構,大學/技專校院
4230,民間團體,財團法人金融聯合徵信中心全球資訊網,https://www.jcic.org.tw/,AA,2025/5/2,啟用,財團法人/公協會,財團法人/基金會/公協會
4235,民間團體,桃園市南區婦女中心官方網站,https://www.taoyuansdwc.org/,A,2025/4/25,啟用,醫療照護,社福/身心障礙服務機構
4244,民間團體,財團法人天主教臺南市私立德蘭啟智中心 小白花的聲音,https://www.voice-for-all.org.tw,AA,2025/3/24,啟用,財團法人/公協會,財團法人/基金會/公協會
4256,民間團體,義守大學,https://www.isu.edu.tw/,A,2025/3/28,啟用,教育機構,大學/技專校院
4257,民間團體,中原大學官方網站,https://www.cycu.edu.tw/,A,2025/4/23,啟用,教育機構,大學/技專校院
4275,民間團體,致和證券金融友善服務專區,https://web.wintan.com.tw/friendly/,AA,2025/3/28,啟用,金融服務業,銀行/證券/期貨/投信
4297,民間團體,長庚學校財團法人長庚科技大學圖書資訊處,https://lis.cgust.edu.tw,AA,2025/4/7,啟用,教育機構,大學/技專校院
4299,民間團體,長庚學校財團法人長庚科技大學校長室,https://president.cgust.edu.tw,AA,2025/4/7,啟用,教育機構,大學/技專校院
4321,民間團體,格哲顧問有限公司,https://gezen.tw/,A,2025/4/2,啟用,一般企業,一般企業(製造/零售/顧問/品牌)
4326,民間團體,舞動陽光-彰北國民運動中心,https://wsjbcsc.com.tw/,A,2025/4/11,啟用,生活休閒場館,運動中心/場館
4332,民間團體,中國信託 金融友善服務,https://accessibility.ctbcbank.com/INEBAccessibleWeb/,A,2025/5/15,啟用,金融服務業,保險/金融友善服務
4373,民間團體,吳鳳科技大學中文首頁,https://www.wfu.edu.tw,A,2025/5/5,啟用,教育機構,大學/技專校院
4386,民間團體,台北富邦銀行外籍友善專區,https://www.fubon.com/banking/Foreign_Nationals/,AAA,2025/4/23,啟用,金融服務業,銀行/證券/期貨/投信
4391,民間團體,財團法人臺灣更生保護會,https://www.after-care.org.tw/,AA,2025/5/2,啟用,財團法人/公協會,財團法人/基金會/公協會
4393,民間團體,玉山銀行友善WebATM,https://easynetbank.esunbank.com.tw,A,2025/4/25,啟用,金融服務業,銀行/證券/期貨/投信
4399,民間團體,世新大學官網,https://www.shu.edu.tw/,AA,2025/6/13,啟用,教育機構,大學/技專校院
4403,民間團體,中國信託 網路ATM,https://eatm.ctbcbank.com/AccessibleWebATM/,A,2025/7/11,啟用,金融服務業,銀行/證券/期貨/投信
4453,民間團體,菲商菲律賓首都銀行官方網頁,https://www.metrobank.com.tw,A,2025/5/2,啟用,金融服務業,銀行/證券/期貨/投信
4454,民間團體,宏遠證券金融友善專區,https://friendly.honsec.com.tw/,AAA,2025/5/6,啟用,金融服務業,銀行/證券/期貨/投信
4460,民間團體,台灣Pay網站,https://www.taiwanpay.com.tw/,AA,2025/7/16,啟用,金融服務業,銀行/證券/期貨/投信
4472,民間團體,原流新創聚落官方網站,https://ipd-llyungstartup.tw/,A,2025/4/29,啟用,生活休閒場館,觀光/休閒/文化園區
4475,民間團體,泰北國際雙語學校,https://www.tpsh.tp.edu.tw/,A,2025/5/26,啟用,教育機構,中小學/高中/幼兒園(私立)
4498,民間團體,華盛頓雙語小學,https://www.wes.tc.edu.tw/,AA,2025/5/9,啟用,教育機構,中小學/高中/幼兒園(私立)
4501,民間團體,長庚學校財團法人長庚科技大學秘書室,https://secretariat.cgust.edu.tw,AA,2025/5/2,啟用,教育機構,大學/技專校院
4509,民間團體,景文科技大學,https://www.just.edu.tw,AA,2025/5/6,啟用,教育機構,大學/技專校院
4518,民間團體,器官捐贈移植登錄及病人自主推廣中心投審稿系統,https://ssp.torsc.org.tw/,A,2025/7/28,啟用,醫療照護,社福/身心障礙服務機構
4519,民間團體,法國巴黎產險企業網站,https://easyaccess.nonlife.cardif.com.tw/,AA,2025/5/9,啟用,金融服務業,保險/金融友善服務
4520,民間團體,財團法人國家實驗研究院新南向科研合作專網,https://nsstc.niar.org.tw,A,2025/5/13,啟用,財團法人/公協會,政府捐助/委辦法人機構
4525,民間團體,元智大學會計室,https://bo.yzu.edu.tw/,AA,2025/5/14,啟用,教育機構,大學/技專校院
4535,民間團體,財團法人車輛研究測試中心車輛節能應用技術研究網站,https://energyartc.moeaea.gov.tw/,A,2025/5/29,啟用,財團法人/公協會,政府捐助/委辦法人機構
4540,民間團體,台北富邦銀行樂齡專區,https://www.fubon.com/banking/event/hot/after65/,AAA,2025/5/12,啟用,金融服務業,銀行/證券/期貨/投信
4546,民間團體,社團法人中華民國視障者家長協會,https://www.pavi.org.tw,A,2025/5/19,啟用,財團法人/公協會,財團法人/基金會/公協會
4547,民間團體,大南方新矽谷推動辦公室,https://www.stsvpo.org.tw/,AA,2025/5/28,啟用,財團法人/公協會,政府捐助/委辦法人機構
4550,民間團體,長庚學校財團法人長庚科技大學嘉義分部圖書資訊組,https://cyli.cgust.edu.tw,AA,2025/5/15,啟用,教育機構,大學/技專校院
4565,民間團體,京城銀行身心障礙ATM跨行交易手續費減免網站,https://customer.ktb.com.tw/PROD/,A,2025/7/10,啟用,金融服務業,銀行/證券/期貨/投信
4579,民間團體,黑快馬-教育事業營運中心,https://edu.heimavista.com/,AA,2025/5/19,啟用,教育機構,教育科技/補教服務公司
4589,民間團體,臺灣企銀友善金融網路銀行,https://ebank.tbb.com.tw/nb3/accessibility/ACCLogin,AA,2025/5/13,啟用,金融服務業,銀行/證券/期貨/投信
4594,民間團體,長庚學校財團法人長庚科技大學環境安全衛生室,https://safety.cgust.edu.tw,AA,2025/5/26,啟用,教育機構,大學/技專校院
4612,民間團體,美和科技大學,https://www.meiho.edu.tw,AA,2025/5/28,啟用,教育機構,大學/技專校院
4617,民間團體,Taiwan Healthcare Academy,https://healthcareacademy.jct.org.tw,AA,2025/6/6,啟用,醫療照護,社福/身心障礙服務機構
4649,民間團體,遠東商銀金融友善服務專區,https://ebank.feib.com.tw/Accessible,AA,2025/7/23,啟用,金融服務業,保險/金融友善服務
4655,民間團體,永豐網路ATM,https://webatm.sinopac.com,AAA,2025/10/9,啟用,金融服務業,銀行/證券/期貨/投信
4667,民間團體,O-Bank 王道銀行金融友善專區,https://accessibility.o-bank.com,A,2025/6/9,啟用,金融服務業,銀行/證券/期貨/投信
4704,民間團體,國泰世華金融資訊網,https://accessibility.cathaybk.com.tw,AA,2025/8/14,啟用,金融服務業,銀行/證券/期貨/投信
4712,民間團體,臺北市中正運動中心,https://wsjjsc.com.tw,A,2025/7/8,啟用,生活休閒場館,運動中心/場館
4723,民間團體,旺旺友聯產物保險公司友善專區 ,https://ally.wwunion.com,A,2025/8/13,啟用,金融服務業,保險/金融友善服務
4755,民間團體,國家高速網路與計算中心台灣惡意程式知識庫,https://owl.nchc.org.tw/,AA,2025/9/9,啟用,財團法人/公協會,政府捐助/委辦法人機構
4772,民間團體,瑞興商業銀行友善金融服務專區,https://ebank.taipeistarbank.com.tw/accessibility,A,2025/7/11,啟用,金融服務業,銀行/證券/期貨/投信
4773,民間團體,瑞興商業銀行簡易網路ATM,https://ebank.taipeistarbank.com.tw/AccessibilityWebATM,A,2025/7/24,啟用,金融服務業,銀行/證券/期貨/投信
4791,民間團體,嘉義市輔具資源中心,https://www.mpccc.com.tw/,A,2025/7/2,啟用,輔具資源中心,輔具資源中心
4808,民間團體,佛光大學校首頁,https://website.fgu.edu.tw/,AA,2025/7/15,啟用,教育機構,大學/技專校院
4854,民間團體,長庚學校財團法人長庚科技大學食品暨化妝品安全研究中心,https://rcihe.cgust.edu.tw,AA,2025/6/30,啟用,教育機構,大學/技專校院
4888,民間團體,長庚學校財團法人長庚科技大學嘉義分部通識教育學科,https://cygeneraledu.cgust.edu.tw,AA,2025/7/2,啟用,教育機構,大學/技專校院
4891,民間團體,工業技術研究院-工業節能服務網,https://emis.itri.org.tw/,AA,2025/9/5,啟用,財團法人/公協會,政府捐助/委辦法人機構
4918,民間團體,僑光科技大學圖書館,https://lib.ocu.edu.tw,AA,2025/7/11,啟用,教育機構,大學/技專校院
4922,民間團體,長庚學校財團法人長庚科技大學研究發展處,https://otc.cgust.edu.tw,AA,2025/7/9,啟用,教育機構,大學/技專校院
4955,民間團體,京城商業銀行匯利率網站,https://customer.ktb.com.tw/new/accessibility,AAA,2025/7/23,啟用,金融服務業,銀行/證券/期貨/投信
4956,民間團體,京城商業銀行辨識京城銀行電話及官方網站,https://customer.ktb.com.tw/new/anti-fraud/,AAA,2025/7/17,啟用,金融服務業,銀行/證券/期貨/投信
4970,民間團體,台灣人壽,https://accessibility.taiwanlife.com,AAA,2025/10/22,啟用,金融服務業,保險/金融友善服務
4988,民間團體,太陽光電創新應用產品設計競賽,https://eii.nat.gov.tw/Pvaward/,AA,2025/7/18,啟用,財團法人/公協會,政府捐助/委辦法人機構
4998,民間團體,長庚學校財團法人長庚科技大學會計室,https://account.cgust.edu.tw/,AA,2025/7/17,啟用,教育機構,大學/技專校院
5024,民間團體,APEC Expert Group on New and Renewable Energy Technologies (APEC EGNRET),https://www.egnret.ewg.apec.org/,AA,2025/7/22,啟用,財團法人/公協會,政府捐助/委辦法人機構
5025,民間團體,O-Bank 王道銀行金融友善專區,https://friendly.o-bank.com/ebank/acc/,AAA,2025/7/25,啟用,金融服務業,銀行/證券/期貨/投信
5033,民間團體,長庚學校財團法人長庚科技大學健康產業科技研究所,https://health-industry.cgust.edu.tw,AA,2025/7/28,啟用,教育機構,大學/技專校院
5067,民間團體,元智大學資服處,https://is.yzu.edu.tw/,AA,2025/8/18,啟用,教育機構,大學/技專校院
5069,民間團體,遠傳智慧生活專區,https://accessible.fetnet.net/,A,2025/8/1,啟用,一般企業,電信公司
5070,民間團體,財團法人桃園市原住民族發展基金會,https://www.tyipdf.com.tw/,A,2025/7/29,啟用,財團法人/公協會,財團法人/基金會/公協會
5080,民間團體,臺南東區崇善里資訊網,https://chongshanli.com,AA,2025/7/30,啟用,生活休閒場館,觀光/休閒/文化園區
5095,民間團體,實踐大學高雄校區,https://www.kh.usc.edu.tw,AA,2025/9/15,啟用,教育機構,大學/技專校院
5096,民間團體,基督教華神學校財團法人中華福音神學研究學院,https://www.ces.edu.tw/,AA,2025/9/15,啟用,教育機構,大學/技專校院
5106,民間團體,MX CMS 產品示範平台,https://bizdev.medialand.com.tw/demo/mx-cms/,AA,2025/8/21,啟用,一般企業,科技/資訊公司
5117,民間團體,兆豐銀行機器人理財網站,https://megabee.megabank.com.tw/robot/,AA,2025/9/23,啟用,金融服務業,銀行/證券/期貨/投信
5118,民間團體,中臺科技大學,https://www.ctust.edu.tw,AA,2025/8/21,啟用,教育機構,大學/技專校院
5121,民間團體,臺北市南港運動中心,https://ngsc.cyc.org.tw/,A,2025/8/12,啟用,生活休閒場館,運動中心/場館
5126,民間團體,國立臺南護理專科學校通識教育中心網站,https://ge.ntin.edu.tw,AA,2025/9/4,啟用,教育機構,大學/技專校院
5128,民間團體,新北市住宅及都市更新中心,https://www.nthurc.org.tw/,AA,2025/8/7,啟用,財團法人/公協會,政府捐助/委辦法人機構
5132,民間團體,全球人壽金融友善服務專區,https://etu.transglobe.com.tw/,AAA,2025/8/29,啟用,金融服務業,保險/金融友善服務
5148,民間團體,民間團體 Self ID Taiwan,https://selfid.tw,AAA,2025/8/18,啟用,醫療照護,社福/身心障礙服務機構
5150,民間團體,財團法人台灣建築中心近零耗能建築資訊平台,https://www.nzeb.tw/,AA,2025/9/19,啟用,財團法人/公協會,財團法人/基金會/公協會
5152,民間團體,馬偕醫學大學,https://www.mmu.edu.tw/,AA,2025/8/14,啟用,教育機構,大學/技專校院
5161,民間團體,統一期貨-金融友善服務及公平待客原則專區,https://www.pfcf.com.tw/pscnetAccessibility,AA,2025/8/11,啟用,金融服務業,銀行/證券/期貨/投信
5164,民間團體,長庚學校財團法人長庚科技大學國際事務處,https://iaaec.cgust.edu.tw,AA,2025/9/1,啟用,教育機構,大學/技專校院
5194,民間團體,長庚學校財團法人長庚科技大學高齡暨健康照護管理研究所,https://health-care.cgust.edu.tw,AA,2025/9/3,啟用,教育機構,大學/技專校院
5221,民間團體,華梵大學智慧生活設計學系 ,https://dsl.hfu.edu.tw/,AA,2025/9/9,啟用,教育機構,大學/技專校院
5233,民間團體,社團法人台灣視多障協會官方網站,https://www.taiwanmdvi.org/,A,2025/8/29,啟用,財團法人/公協會,財團法人/基金會/公協會
5247,民間團體,台灣星展銀行金融友善專區,https://www.dbs.com.tw/treasures-zh/accessibility/default.html,A,2025/9/2,啟用,金融服務業,銀行/證券/期貨/投信
5268,民間團體,義守大學 ISU Moodle,https://moodle.isu.edu.tw,A,2025/9/12,啟用,教育機構,大學/技專校院
5277,民間團體,長庚學校財團法人長庚科技大學民生學院,https://human.cgust.edu.tw,AA,2025/9/17,啟用,教育機構,大學/技專校院
5278,民間團體,Neil 的作品集,https://neillin.com/,AA,2025/8/29,啟用,個人網站/工作室,個人網站/工作室
5289,民間團體,高雄市立小港醫院健康管理中心網站,https://health.kmsh.org.tw,AA,2025/9/3,啟用,醫療照護,醫療院所
5300,民間團體,臺北網球場官網,https://www.taipeitenniscourt.com/,A,2025/10/1,啟用,生活休閒場館,運動中心/場館
5304,民間團體,財團法人技專校院入學測驗中心基金會,https://www.tcte.edu.tw,AA,2025/9/12,啟用,財團法人/公協會,政府捐助/委辦法人機構
5334,民間團體,凱基期貨金融友善服務專區,https://event.kgi.com.tw/KGIF-Accessibility/,AA,2025/9/12,啟用,金融服務業,銀行/證券/期貨/投信
5337,民間團體,高醫岡山健檢中心網頁,https://health.kmugh.org.tw/,AA,2025/10/2,啟用,醫療照護,醫療院所
5339,民間團體,福邦證券金融友善專區,https://friendly.gfortune.com.tw/,AAA,2025/9/9,啟用,金融服務業,銀行/證券/期貨/投信
5343,民間團體,新光人壽網路投保網站,https://online-info.skl.com.tw/,AA,2025/9/17,啟用,金融服務業,保險/金融友善服務
5350,民間團體,財團法人伊甸社會福利基金會,https://www.eden.org.tw/,A,2025/10/3,啟用,財團法人/公協會,財團法人/基金會/公協會
5363,民間團體,國家表演藝術中心衛武營國家藝術文化中心官方網站,https://www.npac-weiwuying.org,A,2025/9/23,啟用,生活休閒場館,博物館/藝文/展演機構
5368,民間團體,實踐大學營繕一組網頁,https://ga-cams.usc.edu.tw/,AA,2025/12/3,啟用,教育機構,大學/技專校院
5370,民間團體,國立陽明交通大學光電學院,https://cop.nycu.edu.tw/,AA,2025/11/6,啟用,教育機構,大學/技專校院
5388,民間團體,惠光導盲犬學校,http://www.guidedog.tw/,A,2025/10/27,啟用,醫療照護,社福/身心障礙服務機構
5389,民間團體,臺北和平籃球館,https://www.tpehpbasketball.com.tw,A,2025/9/22,啟用,生活休閒場館,運動中心/場館
5397,民間團體,實踐大學財務金融學系,https://finance.usc.edu.tw/,AA,2025/9/23,啟用,教育機構,大學/技專校院
5402,民間團體,民間團體海龍離岸風電,https://hailongoffshorewind.com/,AA,2025/10/1,啟用,一般企業,能源/公用事業
5409,民間團體,實踐大學教學發展中心,https://ctld.usc.edu.tw/,AA,2025/10/2,啟用,教育機構,大學/技專校院
5420,民間團體,中央廣播電臺全球資訊網,https://www.rti.org.tw/,AA,2025/10/23,啟用,財團法人/公協會,政府捐助/委辦法人機構
5422,民間團體,實踐大學管理學院創意產業博士班,https://giciu01.usc.edu.tw/,AA,2025/10/2,啟用,教育機構,大學/技專校院
5435,民間團體,華南永昌證券 金融友善服務專區,https://www.entrust.com.tw/Accessibility/,AA,2025/10/9,啟用,金融服務業,銀行/證券/期貨/投信
5441,民間團體,新北市文化基金會,https://ntccf.org/,A,2025/10/28,啟用,財團法人/公協會,財團法人/基金會/公協會
5465,民間團體,元大友善網路ATM,https://superatm.tw/jwss/jsp/atm/Accessibility_index.jsp ,A,2025/10/3,啟用,金融服務業,銀行/證券/期貨/投信
5475,民間團體,大理資訊股份有限公司,https://www.maxense.com/,AAA,2025/10/2,啟用,一般企業,科技/資訊公司
5495,民間團體,兆豐國際商業銀行網站,https://www.megabank.com.tw,AA,2025/10/30,啟用,金融服務業,銀行/證券/期貨/投信
5496,民間團體,行動應用資安聯盟,https://www.mas.org.tw/,A,2025/10/16,啟用,財團法人/公協會,政府捐助/委辦法人機構
5508,民間團體,嘉義市垃圾焚化廠,https://www.cycrip.tw/,A,2025/10/7,啟用,一般企業,能源/公用事業
5511,民間團體,彰化第六信用合作社官方網站,https://www.ch6c.com.tw/,A,2025/10/15,啟用,金融服務業,銀行/證券/期貨/投信
5516,民間團體,明志科技大學,https://www.mcut.edu.tw/,AA,2026/1/12,啟用,教育機構,大學/技專校院
5521,民間團體,華梵大學國際暨兩岸事務處,https://ica.hfu.edu.tw/,AA,2025/10/28,啟用,教育機構,大學/技專校院
5537,民間團體,華梵大學智慧生活科技學系 ,https://tsl.hfu.edu.tw/,AA,2025/10/23,啟用,教育機構,大學/技專校院
5541,民間團體,長庚學校財團法人長庚科技大學慢性疾病暨健康促進研究中心,https://cdhprc.cgust.edu.tw/,AA,2025/10/28,啟用,教育機構,大學/技專校院
5553,民間團體,大同大學,https://ttu.edu.tw,AA,2025/11/20,啟用,教育機構,大學/技專校院
5564,民間團體,彰化銀行智能客服,https://ichat.chb.com.tw,AA,2025/12/23,啟用,金融服務業,銀行/證券/期貨/投信
5572,民間團體,大仁科技大學,https://www.tajen.edu.tw/,AA,2025/11/19,啟用,教育機構,大學/技專校院
5612,民間團體,長庚學校財團法人長庚科技大學受試者保護辦公室,https://hrpo.cgust.edu.tw,AA,2025/11/18,啟用,教育機構,大學/技專校院
5621,民間團體,高雄醫學大學附設中和紀念醫院 建康管理中心,https://health.kmuh.org.tw/,AA,2025/10/29,啟用,教育機構,大學/技專校院
5629,民間團體,富邦人壽金融保險教育專區,https://education.fubonlife.com.tw,AA,2026/1/5,啟用,金融服務業,保險/金融友善服務
5638,民間團體,龍華科技大學專業職能證照中心,https://pcc.lhu.edu.tw,A,2025/10/31,啟用,教育機構,大學/技專校院
5661,民間團體,華泰商業銀行官方網站,https://www.hwataibank.com.tw,A,2025/11/3,啟用,金融服務業,銀行/證券/期貨/投信
5665,民間團體,台中銀行金融友善專區,https://rate.tcbbank.com.tw/,AA,2025/10/31,啟用,金融服務業,銀行/證券/期貨/投信
5678,民間團體,台北富邦銀行網路銀行,https://accessible.taipeifubon.com.tw/BFS/common/Index.faces,A,2025/11/27,啟用,金融服務業,銀行/證券/期貨/投信
5691,民間團體,財團法人保險安定基金,https://www.tigf.org.tw/,AA,2025/11/13,啟用,金融服務業,保險/金融友善服務
5729,民間團體,雲林縣正心高級中學,https://www.shsh.ylc.edu.tw/,AA,2025/10/31,啟用,教育機構,中小學/高中/幼兒園(私立)
5734,民間團體,法鼓文理學院資源教室,https://res.dila.edu.tw/,AA,2025/10/30,啟用,教育機構,大學/技專校院
5747,民間團體,亞洲大學全球資訊網,https://www.asia.edu.tw,A,2025/11/17,啟用,教育機構,大學/技專校院
5772,民間團體,原語會族語線上辭典,https://e-dictionary.ilrdf.org.tw,AA,2025/11/28,啟用,醫療照護,社福/身心障礙服務機構
5802,民間團體,兆豐國際商業銀行線上貸款系統,https://onlineloan.megabank.com.tw/,AA,2025/12/3,啟用,金融服務業,銀行/證券/期貨/投信
5847,民間團體,財團法人聯合信用卡處理中心全球資訊網,https://www.nccc.com.tw ,AA,2025/11/13,啟用,財團法人/公協會,財團法人/基金會/公協會
5848,民間團體,富邦證券金融友善服務專區,https://friendly.fbs.com.tw/,A,2025/11/28,啟用,金融服務業,銀行/證券/期貨/投信
5901,民間團體,長庚學校財團法人長庚科技大學嘉義分部呼吸照護系,https://rt.cgust.edu.tw/,AA,2025/12/18,啟用,教育機構,大學/技專校院
5906,民間團體,長庚學校財團法人長庚科技大學學生事務處,https://studentaffairs.cgust.edu.tw,AA,2025/12/5,啟用,教育機構,大學/技專校院
5913,民間團體,長庚學校財團法人長庚科技大學教務處,https://acad.cgust.edu.tw,AA,2025/12/22,啟用,教育機構,大學/技專校院
5941,民間團體,財團法人原住民族語言研究發展基金會,https://dev.ilrdf.org.tw/,AA,2025/12/3,啟用,財團法人/公協會,財團法人/基金會/公協會
5983,民間團體,長庚學校財團法人長庚科技大學高齡暨長期照護研究中心,https://gltcrc.cgust.edu.tw,AA,2025/12/22,啟用,教育機構,大學/技專校院
5992,民間團體,富邦產險-金融友善服務專區,https://accessibility.518fb.com/,AAA,2025/12/10,啟用,金融服務業,保險/金融友善服務
6000,民間團體,財團法人原住民族語言研究發展基金會lokahsu原住民族語言能力認證測驗,https://lokahsu.ilrdf.org.tw,AA,2025/12/17,啟用,財團法人/公協會,財團法人/基金會/公協會
6007,民間團體,吉時有限公司-臺灣智慧系統整合製造平台,https://tsip.tw,AA,2026/2/13,啟用,一般企業,科技/資訊公司
6013,民間團體,社團法人中華民國無障礙科技發展協會,https://www.twacc.org/,A,2025/12/23,啟用,財團法人/公協會,財團法人/基金會/公協會
6023,民間團體,瓩設計獎kW Design Award─第26屆創意競賽,https://kwd.tw,AA,2025/12/15,啟用,財團法人/公協會,政府捐助/委辦法人機構
6028,民間團體,華南銀行金融友善公告專區,https://finfriendly.hncb.com.tw/,AAA,2025/12/11,啟用,金融服務業,銀行/證券/期貨/投信
6069,民間團體,台南企業國軍服裝供售站(陸軍),https://ecappweb.armyshop.com.tw/app/,AA,2025/12/17,啟用,一般企業,一般企業(製造/零售/顧問/品牌)
6070,民間團體,富邦期貨-金融友善服務專區,https://friendly.fbf.com.tw/,AAA,2025/12/31,啟用,金融服務業,銀行/證券/期貨/投信
6080,民間團體,亞東紀念醫院,https://www.femh.org.tw/,A,2025/12/23,啟用,醫療照護,醫療院所
6092,民間團體,台北慈濟醫院,https://taipei.tzuchi.com.tw,AA,2026/1/20,啟用,醫療照護,醫療院所
6100,民間團體,社團法人台灣數位有聲書推展學會官方網站,https://tdtb.org,A,2025/12/26,啟用,財團法人/公協會,財團法人/基金會/公協會
6102,民間團體,元智大學高教深耕計畫,https://hesp.yzu.edu.tw/,AA,2026/2/5,啟用,教育機構,大學/技專校院
6103,民間團體,宏泰人壽友善專區,https://easyaccess.hontai.com.tw,AAA,2025/12/26,啟用,金融服務業,保險/金融友善服務
6153,民間團體,復興廣播電台,https://www.fhbs594.com.tw,AA,2025/12/26,啟用,財團法人/公協會,政府捐助/委辦法人機構
6156,民間團體,華南產物保險金融友善服務專區,https://www.south-china.com.tw/accessibilityWeb,AA,2025/12/26,啟用,金融服務業,保險/金融友善服務
6202,民間團體,予智科技有限公司 AI 課綱學習內容表現對齊分析先導系統,https://wisesync.github.io,AA,2026/1/13,啟用,教育機構,教育科技/補教服務公司
6232,民間團體,FT - TAKAO Championship,https://ft-champ.tsaibee.org/,AA,2026/1/6,啟用,生活休閒場館,觀光/休閒/文化園區
6236,民間團體,促進民間參與公共建設提案平台,https://www.ppp-office.tw/,AA,2026/1/26,啟用,財團法人/公協會,政府捐助/委辦法人機構
6241,民間團體,長庚學校財團法人長庚科技大學進修推廣處,https://eveningwww.cgust.edu.tw,AA,2026/1/23,啟用,教育機構,大學/技專校院
6272,民間團體,Cardledge 卡知識官方網站,http://www.cardledge.com,AA,2026/1/22,啟用,金融服務業,銀行/證券/期貨/投信
6314,民間團體,尼爾網站設計工坊,https://neodw.com,AA,2026/1/15,啟用,個人網站/工作室,個人網站/工作室
6324,民間團體,台灣大哥大-友善專區,https://events.taiwanmobile.com,A,2026/1/30,啟用,一般企業,電信公司
6335,民間團體,財團法人台灣網路資訊中心 台灣ISP年鑑,https://ispyearbook.twnic.tw/,AA,2026/2/3,啟用,財團法人/公協會,政府捐助/委辦法人機構
6339,民間團體,工業技術研究院機械工業網站,https://www.automan.tw/,AA,2026/2/2,啟用,財團法人/公協會,政府捐助/委辦法人機構
6357,民間團體,長庚學校財團法人長庚科技大學護理學院,https://nursing.cgust.edu.tw,AA,2026/1/23,啟用,教育機構,大學/技專校院
6404,民間團體,偉瑟科技股份有限公司人本交通主題網,http://safety.fanseo.com/,AA,2026/2/12,啟用,一般企業,科技/資訊公司
6416,民間團體,臺北市信義運動中心暨永春活力館,https://xysc.teamxports.com/,A,2026/2/10,啟用,生活休閒場館,運動中心/場館
6417,民間團體,合作金庫人壽金融友善服務專區,https://accessibility.tcb-life.com.tw,AAA,2026/2/5,啟用,金融服務業,保險/金融友善服務
6454,民間團體,長庚學校財團法人長庚科技大學高齡暨健康照護管理系,https://gd.cgust.edu.tw,AA,2026/3/5,啟用,教育機構,大學/技專校院
6461,民間團體,元大人壽金融友善服務專區,https://www.yuantalife.com.tw/accessible/,AAA,2026/2/13,啟用,金融服務業,保險/金融友善服務
6488,民間團體,長庚學校財團法人長庚科技大學保健營養系,https://nu.cgust.edu.tw,AA,2026/3/20,啟用,教育機構,大學/技專校院
6494,民間團體,凱基證券金融友善服務專區,https://event.kgi.com.tw/Accessibility,AA,2026/2/26,啟用,金融服務業,銀行/證券/期貨/投信
6500,民間團體,長庚學校財團法人長庚科技大學人事室,https://personnel.cgust.edu.tw,AA,2026/2/26,啟用,教育機構,大學/技專校院
6507,民間團體,新北市板橋國民運動中心,https://www.bqsports.com.tw/,A,2026/2/24,啟用,生活休閒場館,運動中心/場館
6510,民間團體,長庚學校財團法人長庚科技大學嘉義分部護理系,https://cyns.cgust.edu.tw,AA,2026/3/20,啟用,教育機構,大學/技專校院
6538,民間團體,中國信託 友善金融服務專區,https://accessibility.ctbcbank.com/frontend-accessible-portal,AAA,2026/3/31,啟用,金融服務業,銀行/證券/期貨/投信
6568,民間團體,長庚學校財團法人長庚科技大學原住民族學生資源中心,https://aborigine.cgust.edu.tw,AA,2026/3/18,啟用,教育機構,大學/技專校院
6599,民間團體,第一金證券金融友善服務專區,https://friendly.firstsec.com.tw/,AA,2026/3/26,啟用,金融服務業,銀行/證券/期貨/投信
6608,民間團體,長庚學校財團法人長庚科技大學臨床技能中心,https://ccc.cgust.edu.tw,AA,2026/3/18,啟用,教育機構,大學/技專校院
6658,民間團體,台南市善化區小新國小校網,https://www.ssees.tn.edu.tw/,AA,2026/3/24,啟用,教育機構,中小學/高中/幼兒園(私立)
6686,民間團體,中華民國法官協會,https://www.jaroc.org.tw/,AA,2026/3/31,啟用,財團法人/公協會,財團法人/基金會/公協會
6693,民間團體,LINE Bank友善網路銀行,https://accessibility.linebank.com.tw/,AA,2026/3/26,啟用,金融服務業,銀行/證券/期貨/投信